race_id,series_id,race_season,result_id,finishing_position,starting_position,car_number,driver_fullname,driver_hometown,hometown_city,hometown_state,hometown_country,team_id,team_name,qualifying_order,qualifying_position,qualifying_speed,laps_led,times_led,car_make,car_model,sponsor,points_earned,playoff_points_earned,laps_completed,finishing_status,winnings,owner_fullname,crew_chief_id,crew_chief_fullname,points_position,points_delta,owner_id,official_car_number,disqualified,diff_laps,diff_time
5376,1,2024,289010,0,0,2,Austin Cindric,"Mooresville, North Carolina",Mooresville,North Carolina,United States,1547,Team Penske,2,31,0.0,0,0,Ford,Mustang,Freightliner,0,0,0,,0,Team Penske,7089,Brian Wilson,0,0,4414,2,False,0,0
5376,1,2024,289011,0,0,3,Austin Dillon,"Welcome, North Carolina",Welcome,North Carolina,United States,2765,Richard Childress Racing,3,28,0.0,0,0,Chevrolet,Camaro,BetMGM,0,0,0,,0,Richard Childress Racing,5076,Keith Rodden,0,0,553,3,False,0,0
5376,1,2024,289024,0,0,17,Chris Buescher,"Prosper, Texas",Prosper,Texas,United States,1513,RFK Racing,16,30,0.0,0,0,Ford,Mustang,Fastenal,0,0,0,,0,RFK Racing,6627,Scott Graves,0,0,4493,17,False,0,0
5376,1,2024,289022,0,0,15,Kaz Grala,"Westborough, Massachusetts",Westborough,Massachusetts,United States,3106,Rick Ware Racing,14,34,0.0,0,0,Ford,Mustang,N29 Capital Partners,0,0,0,,0,Rick Ware Racing,7731,Billy Plourde,0,0,3486,15,False,0,0
5376,1,2024,289044,0,0,99,Daniel Suárez,"Monterrey, Mexico",Monterrey,,Mexico,3081,Trackhouse Racing,36,27,0.0,0,0,Chevrolet,Camaro,Worldwide Express,0,0,0,,0,Trackhouse Racing,7207,Matt Swiderski,0,0,5229,99,False,0,0
5376,1,2024,289043,0,0,77,Carson Hocevar,"Portage, Michigan",Portage,Michigan,United States,3000,Spire Motorsports,35,25,0.0,0,0,Chevrolet,Camaro,Delaware Life,0,0,0,,0,Spire Motorsports,6437,Lucas Lambert,0,0,7958,77,False,0,0
5376,1,2024,289042,0,0,71,Zane Smith,"Huntington Beach, California",Huntington Beach,California,United States,3213,Spire Motorsports,34,36,0.0,0,0,Chevrolet,Camaro,Focused Health,0,0,0,,0,Spire Motorsports,7940,Stephen Doran,0,0,7958,71,False,0,0
5376,1,2024,289026,0,0,20,Christopher Bell,"Norman, Oklahoma",Norman,Oklahoma,United States,1550,Joe Gibbs Racing,18,33,0.0,0,0,Toyota,Camry,Mobil 1,0,0,0,,0,Joe Gibbs Racing,6324,Adam Stevens,0,0,4047,20,False,0,0
5376,1,2024,289012,0,0,4,Josh Berry,"Hendersonville, Tennessee",Hendersonville,Tennessee,United States,2766,Stewart-Haas Racing,4,26,0.0,0,0,Ford,Mustang,SunnyD,0,0,0,,0,Stewart-Haas Racing,555,Rodney Childers,0,0,3193,4,False,0,0
5376,1,2024,289027,0,0,21,Harrison Burton,"Huntersville, North Carolina",Huntersville,North Carolina,United States,1560,Wood Brothers Racing,19,35,0.0,0,0,Ford,Mustang,Motorcraft \ Quick Lane,0,0,0,,0,Wood Brothers Racing,6524,Jeremy Bullins,0,0,7552,21,False,0,0
5376,1,2024,289023,0,0,16,Josh Williams,"Port Charlotte, Florida",Port Charlotte,Florida,United States,3049,Kaulig Racing,15,24,0.0,0,0,Chevrolet,Camaro,Alloy Employer Services,0,0,0,,0,Kaulig Racing,7370,Travis Mack,0,0,7087,16,False,0,0
5376,1,2024,289031,0,0,31,Daniel Hemric,"Kannapolis, North Carolina",Kannapolis,North Carolina,United States,3129,Kaulig Racing,23,32,0.0,0,0,Chevrolet,Camaro,Cirkul,0,0,0,,0,Kaulig Racing,2467,Trent Owens,0,0,7087,31,False,0,0
5376,1,2024,289036,0,0,43,Erik Jones,"Byron, Michigan",Byron,Michigan,United States,1690,Legacy Motor Club,28,29,0.0,0,0,Toyota,Camry,Family Dollar,0,0,0,,0,Legacy Motor Club,6935,David Elenz,0,0,6710,43,False,0,0
5376,1,2024,289019,1,1,11,Denny Hamlin,"Chesterfield, Virginia",Chesterfield,Virginia,United States,1447,Joe Gibbs Racing,11,1,0.0,58,2,Toyota,Camry,SportClips Haircuts,0,0,151,Running,0,Joe Gibbs Racing,7088,Christopher Gabehart,0,0,4047,11,False,0,0
5376,1,2024,289016,2,5,8,Kyle Busch,"Las Vegas, Nevada",Las Vegas,Nevada,United States,2983,Richard Childress Racing,8,5,0.0,0,0,Chevrolet,Camaro,Morgan & Morgan ,0,0,151,Running,0,Richard Childress Racing,7078,Randall Burnett,0,0,553,8,False,0,610
5376,1,2024,289020,3,23,12,Ryan Blaney,"High Point, North Carolina",High Point,North Carolina,United States,1460,Team Penske,12,23,0.0,0,0,Ford,Mustang,Menards\Great Lakes Flooring,0,0,151,Running,0,Team Penske,7771,Jonathan Hassler,0,0,4414,12,False,0,883
5376,1,2024,289028,4,2,22,Joey Logano,"Middletown, Connecticut",Middletown,Connecticut,United States,2593,Team Penske,20,2,0.0,8,2,Ford,Mustang,Shell Pennzoil,0,0,151,Running,0,Team Penske,3629,Paul Wolfe,0,0,4414,22,False,0,1213
5376,1,2024,289013,5,8,5,Kyle Larson,"Elk Grove, California",Elk Grove,California,United States,1717,Hendrick Motorsports,5,8,0.0,0,0,Chevrolet,Camaro,HendrickCars.com,0,0,151,Running,0,Hendrick Motorsports,7627,Cliff Daniels,0,0,1464,5,False,0,2703
5376,1,2024,289039,6,4,48,Alex Bowman,"Tucson, Arizona",Tucson,Arizona,United States,1707,Hendrick Motorsports,31,4,0.0,0,0,Chevrolet,Camaro,Ally,0,0,151,Running,0,Hendrick Motorsports,7832,Blake Harris,0,0,1464,48,False,0,2984
5376,1,2024,289021,7,22,14,Chase Briscoe,"Mitchell, Indiana",Mitchell,Indiana,United States,2370,Stewart-Haas Racing,13,22,0.0,0,0,Ford,Mustang,Mahindra Tractors,0,0,151,Running,0,Stewart-Haas Racing,6061,Richard Boswell II,0,0,4084,14,False,0,3491
5376,1,2024,289014,8,13,6,Brad Keselowski,"Rochester Hills, Michigan",Rochester Hills,Michigan,United States,2803,RFK Racing,6,13,0.0,1,1,Ford,Mustang,Castrol Edge,0,0,151,Running,0,RFK Racing,2151,Matt McCall,0,0,4493,6,False,0,3907
5376,1,2024,289025,9,19,19,Martin Truex Jr,"Mayetta, New Jersey",Mayetta,New Jersey,United States,2810,Joe Gibbs Racing,17,19,0.0,0,0,Toyota,Camry,Bass Pro Shops,0,0,151,Running,0,Joe Gibbs Racing,7276,James Small,0,0,4047,19,False,0,4212
5376,1,2024,289030,10,6,24,William Byron,"Charlotte, North Carolina",Charlotte,North Carolina,United States,1581,Hendrick Motorsports,22,6,0.0,0,0,Chevrolet,Camaro,Liberty University,0,0,151,Running,0,Hendrick Motorsports,6053,Rudy Fugle,0,0,1464,24,False,0,4232
5376,1,2024,289034,11,12,41,Ryan Preece,"Berlin, Connecticut",Berlin,Connecticut,United States,2767,Stewart-Haas Racing,26,12,0.0,0,0,Ford,Mustang,United Rentals,0,0,151,Running,0,Stewart-Haas Racing,6422,Chad Johnston,0,0,4084,41,False,0,5338
5376,1,2024,289029,12,9,23,Bubba Wallace,"Mobile, Alabama",Mobile,Alabama,United States,3078,23XI Racing,21,9,0.0,0,0,Toyota,Camry,Columbia Sportswear Company,0,0,150,Running,0,23XI Racing,4932,Bootie Barker,0,0,7712,23,False,1,0
5376,1,2024,289035,13,21,42,John H. Nemechek,"Mooresville, North Carolina",Mooresville,North Carolina,United States,3130,Legacy Motor Club,27,21,0.0,0,0,Toyota,Camry,Dollar Tree,0,0,150,Running,0,Legacy Motor Club,7238,Ben Beshore,0,0,6710,42,False,1,0
5376,1,2024,289037,14,11,45,Tyler Reddick,"Corning, California",Corning,California,United States,3131,23XI Racing,29,11,0.0,0,0,Toyota,Camry,Jordan Brand,0,0,150,Running,0,23XI Racing,6801,Billy Scott,0,0,7712,45,False,1,0
5376,1,2024,289009,15,7,1,Ross Chastain,"Alva, Florida",Alva,Florida,United States,3126,Trackhouse Racing,1,7,0.0,0,0,Chevrolet,Camaro,Busch Light ,0,0,150,Running,0,Trackhouse Racing,7693,Philip Surgen,0,0,5229,1,False,1,0
5376,1,2024,289038,16,20,47,Ricky Stenhouse Jr,"Olive Branch, Mississippi",Olive Branch,Mississippi,United States,2377,JTG Daugherty Racing,30,20,0.0,0,0,Chevrolet,Camaro,Food4Less\Ralphs\Cheerios,0,0,150,Running,0,JTG Daugherty Racing,4937,Mike Kelley,0,0,3078,47,False,1,0
5376,1,2024,289015,17,18,7,Corey LaJoie,"Concord, North Carolina",Concord,North Carolina,United States,3077,Spire Motorsports,7,18,0.0,0,0,Chevrolet,Camaro,Celsius,0,0,150,Running,0,Spire Motorsports,7663,Ryan Sparks,0,0,7539,7,False,1,0
5376,1,2024,289041,18,3,54,Ty Gibbs,"Charlotte, North Carolina",Charlotte,North Carolina,United States,3175,Joe Gibbs Racing,33,3,0.0,84,2,Toyota,Camry,Monster Energy,0,0,150,Running,0,Joe Gibbs Racing,6693,Chris Gayle,0,0,4047,54,False,1,0
5376,1,2024,289032,19,15,34,Michael McDowell,"Glendale, Arizona",Glendale,Arizona,United States,1648,Front Row Motorsports,24,15,0.0,0,0,Ford,Mustang,Margaritaville at Sea,0,0,149,Running,0,Front Row Motorsports,7529,Travis Peterson,0,0,4184,34,False,2,0
5376,1,2024,289018,20,17,10,Noah Gragson,"Las Vegas, Nevada",Las Vegas,Nevada,United States,2686,Stewart-Haas Racing,10,17,0.0,0,0,Ford,Mustang,Rush Truck Centers,0,0,147,Running,0,Stewart-Haas Racing,4938,Drew Blickensderfer,0,0,3193,10,False,4,0
5376,1,2024,289040,21,10,51,Justin Haley,"Winamac, Indiana",Winamac,Indiana,United States,1430,Rick Ware Racing,32,10,0.0,0,0,Ford,Mustang,Walmart Health & Wellness,0,0,135,Engine,0,Rick Ware Racing,5233,Chris Lawson,0,0,3486,51,False,16,0
5376,1,2024,289017,22,14,9,Chase Elliott,"Dawsonville, Georgia",Dawsonville,Georgia,United States,2952,Hendrick Motorsports,9,14,0.0,0,0,Chevrolet,Camaro,NAPA Auto Parts,0,0,77,Steering,0,Hendrick Motorsports,4894,Alan Gustafson,0,0,1464,9,False,74,0
5376,1,2024,289033,23,16,38,Todd Gilliland,"Sherrills Ford, North Carolina",Sherrills Ford,North Carolina,United States,2485,Front Row Motorsports,25,16,0.0,0,0,Ford,Mustang,gener8tor,0,0,68,Brakes,0,Front Row Motorsports,5947,Ryan Bergenty,0,0,7566,38,False,83,0
5383,1,2024,289181,1,19,45,Tyler Reddick,"Corning, California",Corning,California,United States,3131,23XI Racing,31,19,0.0,1,1,Toyota,Camry,Nasty Beast,10,0,60,Running,0,23XI Racing,6801,Billy Scott,1,0,7712,45,False,0,0
5383,1,2024,289190,2,3,9,Chase Elliott,"Dawsonville, Georgia",Dawsonville,Georgia,United States,2952,Hendrick Motorsports,9,3,0.0,0,0,Chevrolet,Camaro,NAPA Auto Parts,9,0,60,Running,0,Hendrick Motorsports,4894,Alan Gustafson,2,0,1464,9,False,0,56
5383,1,2024,289183,3,9,48,Alex Bowman,"Tucson, Arizona",Tucson,Arizona,United States,1707,Hendrick Motorsports,33,9,0.0,0,0,Chevrolet,Camaro,Ally,8,0,60,Running,0,Hendrick Motorsports,7832,Blake Harris,3,0,1464,48,False,0,155
5383,1,2024,289188,4,20,77,Carson Hocevar,"Portage, Michigan",Portage,Michigan,United States,3000,Spire Motorsports,39,20,0.0,0,0,Chevrolet,Camaro,Gainbridge/Zeigler Auto Group,7,0,60,Running,0,Spire Motorsports,6437,Lucas Lambert,4,0,7958,77,False,0,173
5383,1,2024,289179,5,12,43,Erik Jones,"Byron, Michigan",Byron,Michigan,United States,1690,Legacy Motor Club,29,12,0.0,5,1,Toyota,Camry,AdventHealth,6,0,60,Running,0,Legacy Motor Club,6935,David Elenz,5,0,6710,43,False,0,220
5383,1,2024,289191,6,10,99,Daniel Suárez,"Monterrey, Mexico",Monterrey,,Mexico,3081,Trackhouse Racing,42,10,0.0,2,1,Chevrolet,Camaro,Freeway Insurance,5,0,60,Running,0,Trackhouse Racing,7207,Matt Swiderski,6,0,7716,99,False,0,263
5383,1,2024,289174,7,1,22,Joey Logano,"Middletown, Connecticut",Middletown,Connecticut,United States,2593,Team Penske,20,1,0.0,1,2,Ford,Mustang,Shell Pennziol,4,0,60,Running,0,Team Penske,3629,Paul Wolfe,7,0,4414,22,False,0,311
5383,1,2024,289185,8,15,54,Ty Gibbs,"Charlotte, North Carolina",Charlotte,North Carolina,United States,3175,Joe Gibbs Racing,35,15,0.0,0,0,Toyota,Camry,Monster Energy,3,0,60,Running,0,Joe Gibbs Racing,6693,Chris Gayle,8,0,4047,54,False,0,325
5383,1,2024,289184,9,2,5,Kyle Larson,"Elk Grove, California",Elk Grove,California,United States,1717,Hendrick Motorsports,5,2,0.0,20,4,Chevrolet,Camaro,Hendrickcars.com,2,0,60,Running,0,Hendrick Motorsports,7627,Cliff Daniels,9,0,1464,5,False,0,356
5383,1,2024,289172,10,8,17,Chris Buescher,"Prosper, Texas",Prosper,Texas,United States,1513,RFK Racing,16,8,0.0,0,0,Ford,Mustang,Fastenal,1,0,60,Running,0,RFK Racing,6627,Scott Graves,10,0,4493,17,False,0,386
5383,1,2024,289171,11,5,1,Ross Chastain,"Alva, Florida",Alva,Florida,United States,3126,Trackhouse Racing,1,5,0.0,0,0,Chevrolet,Camaro,Busch Light,0,0,60,Running,0,Trackhouse Racing,7693,Philip Surgen,11,0,7716,1,False,0,398
5383,1,2024,289189,12,18,84,Jimmie Johnson,"El Cajon, California",El Cajon,California,United States,3179,Legacy Motor Club,41,18,0.0,0,0,Toyota,Camry,Carvana,0,0,60,Running,0,Legacy Motor Club,5120,Jason Burdett,12,0,6710,84,False,0,456
5383,1,2024,289178,13,7,41,Ryan Preece,"Berlin, Connecticut",Berlin,Connecticut,United States,2767,Stewart-Haas Racing,27,7,0.0,0,0,Ford,Mustang,HaasTooling.com,0,0,60,Running,0,Stewart-Haas Racing,6422,Chad Johnston,13,0,4084,41,False,0,485
5383,1,2024,289173,14,14,19,Martin Truex Jr,"Mayetta, New Jersey",Mayetta,New Jersey,United States,2810,Joe Gibbs Racing,17,14,0.0,14,2,Toyota,Camry,Bass Pro Shops,0,0,60,Running,0,Joe Gibbs Racing,7276,James Small,14,0,4047,19,False,0,519
5383,1,2024,289187,15,17,7,Corey LaJoie,"Concord, North Carolina",Concord,North Carolina,United States,3077,Spire Motorsports,7,17,0.0,1,1,Chevrolet,Camaro,Chili's Catch-a-Rita,0,0,60,Running,0,Spire Motorsports,7663,Ryan Sparks,15,0,7539,7,False,0,581
5383,1,2024,289180,16,21,44,JJ Yeley,"Phoenix, Arizona",Phoenix,Arizona,United States,2987,NY Racing Team,30,21,0.0,0,0,Chevrolet,Camaro,100 Coconut Water ,0,0,60,Running,0,NY Racing Team,4934,Jay Guy,16,0,6925,44,False,0,606
5383,1,2024,289177,17,6,38,Todd Gilliland,"Sherrills Ford, North Carolina",Sherrills Ford,North Carolina,United States,2485,Front Row Motorsports,26,6,0.0,1,1,Ford,Mustang,gener8tor,0,0,60,Running,0,Front Row Motorsports,5947,Ryan Bergenty,17,0,7566,38,False,0,1190
5383,1,2024,289175,18,4,3,Austin Dillon,"Welcome, North Carolina",Welcome,North Carolina,United States,2765,Richard Childress Racing,3,4,0.0,0,0,Chevrolet,Camaro,Bass Pro Shops,0,0,60,Running,0,Richard Childress Racing,5076,Keith Rodden,18,0,553,3,False,0,9334
5383,1,2024,289186,19,11,62,Anthony Alfredo,"Ridgefield, Connecticut",Ridgefield,Connecticut,United States,2794,Beard Motorsports,37,11,0.0,0,0,Chevrolet,Camaro,Death Wish Coffee	,0,0,59,Running,0,Beard Motorsports,6861,Darren Shaw,19,0,7732,62,False,1,0
5383,1,2024,289182,20,16,47,Ricky Stenhouse Jr,"Olive Branch, Mississippi",Olive Branch,Mississippi,United States,2377,JTG Daugherty Racing,32,16,0.0,15,3,Chevrolet,Camaro,Boost by Kroger\Cottonelle,0,0,51,DVP,0,JTG Daugherty Racing,4937,Mike Kelley,20,0,3078,47,False,9,0
5383,1,2024,289176,21,13,31,Daniel Hemric,"Kannapolis, North Carolina",Kannapolis,North Carolina,United States,3129,Kaulig Racing,23,13,0.0,0,0,Chevrolet,Camaro,Cirkul,0,0,49,Accident,0,Kaulig Racing,2467,Trent Owens,21,0,7087,31,False,11,0
5384,1,2024,289199,1,16,20,Christopher Bell,"Norman, Oklahoma",Norman,Oklahoma,United States,1550,Joe Gibbs Racing,18,16,0.0,1,1,Toyota,Camry,DEWALT - Interstate Batteries ,10,0,60,Running,0,Joe Gibbs Racing,6324,Adam Stevens,1,0,4047,20,False,0,0
5384,1,2024,289198,2,2,2,Austin Cindric,"Mooresville, North Carolina",Mooresville,North Carolina,United States,1547,Team Penske,2,2,0.0,0,0,Ford,Mustang,Discount Tire,9,0,60,Running,0,Team Penske,7089,Brian Wilson,3,0,4414,2,False,0,113
5384,1,2024,289193,3,17,11,Denny Hamlin,"Chesterfield, Virginia",Chesterfield,Virginia,United States,1447,Joe Gibbs Racing,11,17,0.0,5,1,Toyota,Camry,FedEx,8,0,60,Running,0,Joe Gibbs Racing,7088,Christopher Gabehart,5,0,4047,11,False,0,199
5384,1,2024,289206,4,19,42,John H. Nemechek,"Mooresville, North Carolina",Mooresville,North Carolina,United States,3130,Legacy Motor Club,28,19,0.0,0,0,Toyota,Camry,Dollar Tree,7,0,60,Running,0,Legacy Motor Club,7238,Ben Beshore,7,0,6710,42,False,0,400
5384,1,2024,289200,5,5,21,Harrison Burton,"Huntersville, North Carolina",Huntersville,North Carolina,United States,1560,Wood Brothers Racing,19,5,0.0,1,1,Ford,Mustang,Motorcraft \ Dex Imaging,6,0,60,Running,0,Wood Brothers Racing,6524,Jeremy Bullins,9,0,7552,21,False,0,402
5384,1,2024,289210,6,18,71,Zane Smith,"Huntington Beach, California",Huntington Beach,California,United States,3213,Spire Motorsports,38,18,0.0,0,0,Chevrolet,Camaro,WeatherTech,5,0,60,Running,0,Spire Motorsports,7940,Stephen Doran,11,0,7958,71,False,0,485
5384,1,2024,289208,7,12,6,Brad Keselowski,"Rochester Hills, Michigan",Rochester Hills,Michigan,United States,2803,RFK Racing,6,12,0.0,0,0,Ford,Mustang,Castrol Edge,4,0,60,Running,0,RFK Racing,6920,Matt McCall,13,0,4493,6,False,0,491
5384,1,2024,289202,8,3,24,William Byron,"Charlotte, North Carolina",Charlotte,North Carolina,United States,1581,Hendrick Motorsports,22,3,0.0,5,2,Chevrolet,Camaro,Axalta,3,0,60,Running,0,Hendrick Motorsports,6053,Rudy Fugle,15,0,1464,24,False,0,560
5384,1,2024,289195,9,7,14,Chase Briscoe,"Mitchell, Indiana",Mitchell,Indiana,United States,2370,Stewart-Haas Racing,13,7,0.0,0,0,Ford,Mustang,Mahindra Tractors,2,0,60,Running,0,Stewart-Haas Racing,6061,Richard Boswell II,17,0,4084,14,False,0,590
5384,1,2024,289207,10,15,51,Justin Haley,"Winamac, Indiana",Winamac,Indiana,United States,1430,Rick Ware Racing,34,15,0.0,0,0,Ford,Mustang,TreeTop Apple Juice/Jacob,1,0,60,Running,0,Rick Ware Racing,7459,Chris Lawson,19,0,3486,51,False,0,592
5384,1,2024,289201,11,14,23,Bubba Wallace,"Mobile, Alabama",Mobile,Alabama,United States,3078,23XI Racing,21,14,0.0,21,1,Toyota,Camry,McDonald's	,0,0,60,Running,0,23XI Racing,4932,Bootie Barker,21,0,7712,23,False,0,642
5384,1,2024,289204,12,21,36,Kaz Grala,"Westborough, Massachusetts",Westborough,Massachusetts,United States,3177,Front Row Motorsports,25,21,0.0,0,0,Ford,Mustang,Ruedebusch,0,0,60,Running,0,Front Row Motorsports,6699,Seth Barbour,22,0,4184,36,False,0,649
5384,1,2024,289197,13,10,16,AJ Allmendinger,"Los Gatos, California",Los Gatos,California,United States,3049,Kaulig Racing,15,10,0.0,2,1,Chevrolet,Camaro,Celsius,0,0,60,Running,0,Kaulig Racing,7370,Travis Mack,23,0,7087,16,False,0,658
5384,1,2024,289211,14,20,78,BJ McLeod,"Wauchula, Florida",Wauchula,Florida,United States,3080,Live Fast Motorsports,40,20,0.0,0,0,Chevrolet,Camaro,Live Fast Motorsports,0,0,60,Running,0,Live Fast Motorsports,5314,David Ingram,24,0,7714,78,False,0,716
5384,1,2024,289209,15,13,60,David Ragan,"Unadilla, Georgia",Unadilla,Georgia,United States,3212,RFK Racing,36,13,0.0,0,0,Ford,Mustang,BuildSubmarines.com,0,0,60,Running,0,RFK Racing,6349,Derrick Finley,25,0,4493,60,False,0,742
5384,1,2024,289203,16,1,34,Michael McDowell,"Glendale, Arizona",Glendale,Arizona,United States,1648,Front Row Motorsports,24,1,0.0,17,3,Ford,Mustang,Love's Travel Stops,0,0,60,Running,0,Front Row Motorsports,7529,Travis Peterson,26,0,4184,34,False,0,7027
5384,1,2024,289205,17,11,4,Josh Berry,"Hendersonville, Tennessee",Hendersonville,Tennessee,United States,2766,Stewart-Haas Racing,4,11,0.0,0,0,Ford,Mustang,SunnyD,0,0,48,Fuel Pump,0,Stewart-Haas Racing,555,Rodney Childers,27,0,3193,4,False,12,0
5384,1,2024,289194,18,9,12,Ryan Blaney,"High Point, North Carolina",High Point,North Carolina,United States,1460,Team Penske,12,9,0.0,1,1,Ford,Mustang,Menards\PEAK,0,0,47,Accident,0,Team Penske,7771,Jonathan Hassler,28,0,4414,12,False,13,0
5384,1,2024,289212,19,4,8,Kyle Busch,"Las Vegas, Nevada",Las Vegas,Nevada,United States,2983,Richard Childress Racing,8,4,0.0,0,0,Chevrolet,Camaro,Zone,0,0,47,Accident,0,Richard Childress Racing,7078,Randall Burnett,29,0,553,8,False,13,0
5384,1,2024,289196,20,6,15,Riley Herbst,"Las Vegas, Nevada",Las Vegas,Nevada,United States,3106,Rick Ware Racing,14,6,0.0,7,3,Ford,Mustang,Monster Energy,0,0,47,Accident,0,Rick Ware Racing,7731,Billy Plourde,30,0,3486,15,False,13,0
5384,1,2024,289192,21,8,10,Noah Gragson,"Las Vegas, Nevada",Las Vegas,Nevada,United States,2686,Stewart-Haas Racing,10,8,0.0,0,0,Ford,Mustang,Black Rifle Coffee / Ranger Boats ,0,0,47,Accident,0,Stewart-Haas Racing,4938,Drew Blickensderfer,31,0,3193,10,False,13,0
5385,1,2024,289084,0,0,78,BJ McLeod,"Wauchula, Florida",Wauchula,Florida,United States,3080,Live Fast Motorsports,40,41,0.0,0,0,Chevrolet,Camaro,Live Fast Motorsports,0,0,0,,0,Live Fast Motorsports,6391,George Ingram,41,0,7093,78,False,0,0
5385,1,2024,289074,0,0,44,JJ Yeley,"Phoenix, Arizona",Phoenix,Arizona,United States,2987,NY Racing Team,30,42,0.0,0,0,Chevrolet,Camaro,100 Coconut Water ,0,0,0,,0,NY Racing Team,4934,Jay Guy,42,0,6001,44,False,0,0
5385,1,2024,289066,1,18,24,William Byron,"Charlotte, North Carolina",Charlotte,North Carolina,United States,1581,Hendrick Motorsports,22,18,0.0,4,1,Chevrolet,Camaro,Axalta,51,5,200,Running,0,Hendrick Motorsports,6053,Rudy Fugle,1,0,1464,24,False,0,0
5385,1,2024,289077,2,7,48,Alex Bowman,"Tucson, Arizona",Tucson,Arizona,United States,1707,Hendrick Motorsports,33,7,0.0,0,0,Chevrolet,Camaro,Ally,42,0,200,Running,0,Hendrick Motorsports,7832,Blake Harris,2,0,1464,48,False,0,6
5385,1,2024,289062,3,4,20,Christopher Bell,"Norman, Oklahoma",Norman,Oklahoma,United States,1550,Joe Gibbs Racing,18,4,0.0,22,1,Toyota,Camry,DEWALT - Interstate Batteries ,34,0,200,Running,0,Joe Gibbs Racing,6324,Adam Stevens,3,0,4047,20,False,0,1390
5385,1,2024,289051,4,29,7,Corey LaJoie,"Concord, North Carolina",Concord,North Carolina,United States,3077,Spire Motorsports,7,29,0.0,1,1,Chevrolet,Camaro,Chili's Catch-a-Rita,33,0,200,Running,0,Spire Motorsports,7663,Ryan Sparks,10,0,7539,7,False,0,2511
5385,1,2024,289065,5,24,23,Bubba Wallace,"Mobile, Alabama",Mobile,Alabama,United States,3078,23XI Racing,21,24,0.0,3,3,Toyota,Camry,McDonald's,39,0,200,Running,0,23XI Racing,4932,Bootie Barker,5,0,7712,23,False,0,2614
5385,1,2024,289059,6,28,16,AJ Allmendinger,"Los Gatos, California",Los Gatos,California,United States,3049,Kaulig Racing,15,28,0.0,9,1,Chevrolet,Camaro,Celsius,0,0,200,Running,0,Kaulig Racing,7370,Travis Mack,38,0,7087,16,False,0,2615
5385,1,2024,289072,7,10,42,John H. Nemechek,"Mooresville, North Carolina",Mooresville,North Carolina,United States,3130,Legacy Motor Club,28,10,0.0,0,0,Toyota,Camry,Dollar Tree,30,0,200,Running,0,Legacy Motor Club,7238,Ben Beshore,6,0,6710,42,False,0,3416
5385,1,2024,289073,8,11,43,Erik Jones,"Byron, Michigan",Byron,Michigan,United States,1690,Legacy Motor Club,29,11,0.0,0,0,Toyota,Camry,AdventHealth,29,0,200,Running,0,Legacy Motor Club,6935,David Elenz,9,0,6710,43,False,0,4478
5385,1,2024,289054,9,38,10,Noah Gragson,"Las Vegas, Nevada",Las Vegas,Nevada,United States,2686,Stewart-Haas Racing,10,38,0.0,5,1,Ford,Mustang,Black Rifle Coffee / Ranger Boats ,28,0,200,Running,0,Stewart-Haas Racing,4938,Drew Blickensderfer,15,0,3193,10,False,0,4711
5385,1,2024,289057,10,20,14,Chase Briscoe,"Mitchell, Indiana",Mitchell,Indiana,United States,2370,Stewart-Haas Racing,13,20,0.0,0,0,Ford,Mustang,Mahindra Tractors,27,0,200,Running,0,Stewart-Haas Racing,6061,Richard Boswell II,13,0,4084,14,False,0,4712
5385,1,2024,289049,11,17,5,Kyle Larson,"Elk Grove, California",Elk Grove,California,United States,1717,Hendrick Motorsports,5,17,0.0,7,2,Chevrolet,Camaro,HendrickCars.com,35,0,200,Running,0,Hendrick Motorsports,7627,Cliff Daniels,7,0,1464,5,False,0,5300
5385,1,2024,289052,12,34,8,Kyle Busch,"Las Vegas, Nevada",Las Vegas,Nevada,United States,2983,Richard Childress Racing,8,34,0.0,12,6,Chevrolet,Camaro,Zone,37,0,200,Running,0,Richard Childress Racing,7078,Randall Burnett,8,0,553,8,False,0,6501
5385,1,2024,289082,13,14,71,Zane Smith,"Huntington Beach, California",Huntington Beach,California,United States,3213,Spire Motorsports,38,14,0.0,0,0,Chevrolet,Camaro,WeatherTech,24,0,200,Running,0,Spire Motorsports,7940,Stephen Doran,14,0,7958,71,False,0,7174
5385,1,2024,289053,14,5,9,Chase Elliott,"Dawsonville, Georgia",Dawsonville,Georgia,United States,2952,Hendrick Motorsports,9,5,0.0,13,2,Chevrolet,Camaro,NAPA Auto Parts,33,1,200,Running,0,Hendrick Motorsports,4894,Alan Gustafson,4,0,1464,9,False,0,8103
5385,1,2024,289061,15,27,19,Martin Truex Jr,"Mayetta, New Jersey",Mayetta,New Jersey,United States,2810,Joe Gibbs Racing,17,27,0.0,0,0,Toyota,Camry,Bass Pro Shops,24,0,200,Running,0,Joe Gibbs Racing,7276,James Small,16,0,4047,19,False,0,11562
5385,1,2024,289067,16,37,31,Daniel Hemric,"Kannapolis, North Carolina",Kannapolis,North Carolina,United States,3129,Kaulig Racing,23,37,0.0,0,0,Chevrolet,Camaro,Cirkul,21,0,200,Running,0,Kaulig Racing,2467,Trent Owens,20,0,7087,31,False,0,12121
5385,1,2024,289079,17,15,54,Ty Gibbs,"Charlotte, North Carolina",Charlotte,North Carolina,United States,3175,Joe Gibbs Racing,35,15,0.0,0,0,Toyota,Camry,Monster Energy,20,0,200,Running,0,Joe Gibbs Racing,6693,Chris Gayle,19,0,4047,54,False,0,12435
5385,1,2024,289060,18,19,17,Chris Buescher,"Prosper, Texas",Prosper,Texas,United States,1513,RFK Racing,16,19,0.0,0,0,Ford,Mustang,Fastenal,20,0,200,Running,0,RFK Racing,6627,Scott Graves,21,0,4493,17,False,0,25745
5385,1,2024,289055,19,8,11,Denny Hamlin,"Chesterfield, Virginia",Chesterfield,Virginia,United States,1447,Joe Gibbs Racing,11,8,0.0,10,2,Toyota,Camry,FedEx,22,0,200,Running,0,Joe Gibbs Racing,7088,Christopher Gabehart,12,0,4047,11,False,0,27333
5385,1,2024,289080,20,40,60,David Ragan,"Unadilla, Georgia",Unadilla,Georgia,United States,3212,RFK Racing,36,40,0.0,2,1,Ford,Mustang,BuildSubmarines.com,17,0,200,Running,0,RFK Racing,6349,Derrick Finley,22,0,5061,60,False,0,108172
5385,1,2024,289045,21,21,1,Ross Chastain,"Alva, Florida",Alva,Florida,United States,3126,Trackhouse Racing,1,21,0.0,14,2,Chevrolet,Camaro,Busch Light ,24,0,199,Running,0,Trackhouse Racing,7693,Philip Surgen,17,0,7716,1,False,1,0
5385,1,2024,289046,22,6,2,Austin Cindric,"Mooresville, North Carolina",Mooresville,North Carolina,United States,1547,Team Penske,2,6,0.0,13,4,Ford,Mustang,Discount Tire,24,0,199,Running,0,Team Penske,7089,Brian Wilson,11,0,4414,2,False,1,0
5385,1,2024,289071,23,25,41,Ryan Preece,"Berlin, Connecticut",Berlin,Connecticut,United States,2767,Stewart-Haas Racing,27,25,0.0,0,0,Ford,Mustang,HaasTooling.com,14,0,199,Running,0,Stewart-Haas Racing,6422,Chad Johnston,25,0,4084,41,False,1,0
5385,1,2024,289058,24,36,15,Riley Herbst,"Las Vegas, Nevada",Las Vegas,Nevada,United States,3106,Rick Ware Racing,14,36,0.0,0,0,Ford,Mustang,Monster Energy,0,0,199,Running,0,Rick Ware Racing,7731,Billy Plourde,39,0,3486,15,False,1,0
5385,1,2024,289048,25,30,4,Josh Berry,"Hendersonville, Tennessee",Hendersonville,Tennessee,United States,2766,Stewart-Haas Racing,4,30,0.0,1,1,Ford,Mustang,SunnyD,12,0,199,Running,0,Stewart-Haas Racing,555,Rodney Childers,26,0,3193,4,False,1,0
5385,1,2024,289078,26,22,51,Justin Haley,"Winamac, Indiana",Winamac,Indiana,United States,1430,Rick Ware Racing,34,22,0.0,0,0,Ford,Mustang,TreeTop Apple Juice/Jacob,11,0,199,Running,0,Rick Ware Racing,7459,Chris Lawson,27,0,3486,51,False,1,0
5385,1,2024,289081,27,39,62,Anthony Alfredo,"Ridgefield, Connecticut",Ridgefield,Connecticut,United States,2794,Beard Motorsports,37,39,0.0,0,0,Chevrolet,Camaro,Death Wish Coffee,0,0,198,Running,0,Beard Motorsports,6861,Darren Shaw,40,0,7732,62,False,2,0
5385,1,2024,289085,28,23,84,Jimmie Johnson,"El Cajon, California",El Cajon,California,United States,3179,Legacy Motor Club,41,23,0.0,0,0,Toyota,Camry,Carvana,9,0,196,Running,0,Legacy Motor Club,5120,Jason Burdett,28,0,6710,84,False,4,0
5385,1,2024,289075,29,3,45,Tyler Reddick,"Corning, California",Corning,California,United States,3131,23XI Racing,31,3,0.0,0,0,Toyota,Camry,Nasty Beast,14,0,192,Accident,0,23XI Racing,6801,Billy Scott,18,0,7712,45,False,8,0
5385,1,2024,289056,30,32,12,Ryan Blaney,"High Point, North Carolina",High Point,North Carolina,United States,1460,Team Penske,12,32,0.0,12,2,Ford,Mustang,Menards\PEAK,17,1,192,Accident,0,Team Penske,7771,Jonathan Hassler,23,0,4414,12,False,8,0
5385,1,2024,289076,31,35,47,Ricky Stenhouse Jr,"Olive Branch, Mississippi",Olive Branch,Mississippi,United States,2377,JTG Daugherty Racing,32,35,0.0,0,0,Chevrolet,Camaro,Boost by Kroger\Cottonelle,9,0,192,Accident,0,JTG Daugherty Racing,4937,Mike Kelley,29,0,3078,47,False,8,0
5385,1,2024,289064,32,1,22,Joey Logano,"Middletown, Connecticut",Middletown,Connecticut,United States,2593,Team Penske,20,1,0.0,45,5,Ford,Mustang,Shell Pennzoil,5,0,191,Accident,0,Team Penske,3629,Paul Wolfe,30,0,4414,22,False,9,0
5385,1,2024,289050,33,16,6,Brad Keselowski,"Rochester Hills, Michigan",Rochester Hills,Michigan,United States,2803,RFK Racing,6,16,0.0,3,2,Ford,Mustang,Castrol Edge,4,0,191,Accident,0,RFK Racing,6920,Matt McCall,31,0,4493,6,False,9,0
5385,1,2024,289086,34,13,99,Daniel Suárez,"Monterrey, Mexico",Monterrey,,Mexico,3081,Trackhouse Racing,42,13,0.0,2,1,Chevrolet,Camaro,Freeway Insurance,12,0,191,Accident,0,Trackhouse Racing,7207,Matt Swiderski,24,0,7716,99,False,9,0
5385,1,2024,289070,35,31,38,Todd Gilliland,"Sherrills Ford, North Carolina",Sherrills Ford,North Carolina,United States,2485,Front Row Motorsports,26,31,0.0,16,1,Ford,Mustang,gener8tor,2,0,191,Accident,0,Front Row Motorsports,5947,Ryan Bergenty,34,0,7566,38,False,9,0
5385,1,2024,289068,36,2,34,Michael McDowell,"Glendale, Arizona",Glendale,Arizona,United States,1648,Front Row Motorsports,24,2,0.0,6,3,Ford,Mustang,Love's Travel Stops,1,0,176,Running,0,Front Row Motorsports,7529,Travis Peterson,35,0,4184,34,False,24,0
5385,1,2024,289047,37,33,3,Austin Dillon,"Welcome, North Carolina",Welcome,North Carolina,United States,2765,Richard Childress Racing,3,33,0.0,0,0,Chevrolet,Camaro,Bass Pro Shops,1,0,146,Running,0,Richard Childress Racing,5076,Keith Rodden,36,0,553,3,False,54,0
5385,1,2024,289069,38,26,36,Kaz Grala,"Westborough, Massachusetts",Westborough,Massachusetts,United States,3177,Front Row Motorsports,25,26,0.0,0,0,Ford,Mustang,Ruedebusch,1,0,5,Accident,0,Front Row Motorsports,6699,Seth Barbour,37,0,4997,36,False,195,0
5385,1,2024,289063,39,12,21,Harrison Burton,"Huntersville, North Carolina",Huntersville,North Carolina,United States,1560,Wood Brothers Racing,19,12,0.0,0,0,Ford,Mustang,Motorcraft \ Dex Imaging,1,0,5,Accident,0,Wood Brothers Racing,6524,Jeremy Bullins,33,0,7552,21,False,195,0
5385,1,2024,289083,40,9,77,Carson Hocevar,"Portage, Michigan",Portage,Michigan,United States,3000,Spire Motorsports,39,9,0.0,0,0,Chevrolet,Camaro,Gainbridge/Zeigler Auto Group,1,0,5,Accident,0,Spire Motorsports,6437,Lucas Lambert,32,0,7958,77,False,195,0
5389,1,2024,289249,1,23,99,Daniel Suárez,"Monterrey, Mexico",Monterrey,,Mexico,3081,Trackhouse Racing,37,23,176.134,9,2,Chevrolet,Camaro,Freeway Insurance,47,5,260,Running,0,Trackhouse Racing,7207,Matt Swiderski,7,0,5229,99,False,0,0
5389,1,2024,289224,2,6,12,Ryan Blaney,"High Point, North Carolina",High Point,North Carolina,United States,1460,Team Penske,12,6,177.658,31,6,Ford,Mustang,BodyArmor Zero Sugar,52,0,260,Running,0,Team Penske,7771,Jonathan Hassler,5,0,4414,12,False,0,3
5389,1,2024,289220,3,3,8,Kyle Busch,"Las Vegas, Nevada",Las Vegas,Nevada,United States,2983,Richard Childress Racing,8,3,178.235,28,6,Chevrolet,Camaro,Cheddar's Scratch Kitchen,40,0,260,Running,0,Richard Childress Racing,7078,Randall Burnett,1,0,553,8,False,0,7
5389,1,2024,289214,4,8,2,Austin Cindric,"Mooresville, North Carolina",Mooresville,North Carolina,United States,1547,Team Penske,2,8,177.147,32,2,Ford,Mustang,Menards\Knauf Insulation,43,1,260,Running,0,Team Penske,7089,Brian Wilson,3,0,4414,2,False,0,77
5389,1,2024,289233,5,18,23,Bubba Wallace,"Mobile, Alabama",Mobile,Alabama,United States,3078,23XI Racing,21,18,176.392,3,1,Toyota,Camry,MoneyLion,35,0,260,Running,0,23XI Racing,4932,Bootie Barker,4,0,7712,23,False,0,112
5389,1,2024,289242,6,27,47,Ricky Stenhouse Jr,"Olive Branch, Mississippi",Olive Branch,Mississippi,United States,2377,JTG Daugherty Racing,30,27,175.922,1,1,Chevrolet,Camaro,Kroger/Blue Buffalo,35,0,260,Running,0,JTG Daugherty Racing,4937,Mike Kelley,18,0,3078,47,False,0,135
5389,1,2024,289213,7,21,1,Ross Chastain,"Alva, Florida",Alva,Florida,United States,3126,Trackhouse Racing,1,21,176.185,0,0,Chevrolet,Camaro,Moose Fraternity,38,0,260,Running,0,Trackhouse Racing,7693,Philip Surgen,8,0,5229,1,False,0,170
5389,1,2024,289236,8,1,34,Michael McDowell,"Glendale, Arizona",Glendale,Arizona,United States,1648,Front Row Motorsports,24,1,178.844,27,6,Ford,Mustang,Benebone,39,1,260,Running,0,Front Row Motorsports,7529,Travis Peterson,20,0,4184,34,False,0,192
5389,1,2024,289228,9,7,17,Chris Buescher,"Prosper, Texas",Prosper,Texas,United States,1513,RFK Racing,16,7,177.176,1,1,Ford,Mustang,BuildSubmarines.com,28,0,260,Running,0,RFK Racing,6627,Scott Graves,15,0,4493,17,False,0,193
5389,1,2024,289245,10,25,54,Ty Gibbs,"Charlotte, North Carolina",Charlotte,North Carolina,United States,3175,Joe Gibbs Racing,33,25,176.089,0,0,Toyota,Camry,Monster Energy,27,0,260,Running,0,Joe Gibbs Racing,6693,Chris Gayle,14,0,4047,54,False,0,243
5389,1,2024,289231,11,16,21,Harrison Burton,"Huntersville, North Carolina",Huntersville,North Carolina,United States,1560,Wood Brothers Racing,19,16,176.577,0,0,Ford,Mustang,Motorcraft \ Quick Lane,29,0,260,Running,0,Wood Brothers Racing,6524,Jeremy Bullins,23,0,7552,21,False,0,420
5389,1,2024,289229,12,12,19,Martin Truex Jr,"Mayetta, New Jersey",Mayetta,New Jersey,United States,2810,Joe Gibbs Racing,17,12,176.741,9,5,Toyota,Camry,Bass Pro Shops,36,0,260,Running,0,Joe Gibbs Racing,7276,James Small,10,0,4047,19,False,0,440
5389,1,2024,289219,13,32,7,Corey LaJoie,"Concord, North Carolina",Concord,North Carolina,United States,3077,Spire Motorsports,7,32,174.851,0,0,Chevrolet,Camaro,Celsius,24,0,260,Running,0,Spire Motorsports,7663,Ryan Sparks,12,0,7539,7,False,0,457
5389,1,2024,289226,14,33,15,Kaz Grala,"Westborough, Massachusetts",Westborough,Massachusetts,United States,3106,Rick Ware Racing,14,33,174.79,0,0,Ford,Mustang,N29 Capital Partners,23,0,260,Running,0,Rick Ware Racing,7731,Billy Plourde,30,0,3486,15,False,0,567
5389,1,2024,289221,15,28,9,Chase Elliott,"Dawsonville, Georgia",Dawsonville,Georgia,United States,2952,Hendrick Motorsports,9,28,175.894,0,0,Chevrolet,Camaro,Hooters,23,0,260,Running,0,Hendrick Motorsports,4894,Alan Gustafson,6,0,1464,9,False,0,642
5389,1,2024,289238,16,20,41,Ryan Preece,"Berlin, Connecticut",Berlin,Connecticut,United States,2767,Stewart-Haas Racing,26,20,176.313,0,0,Ford,Mustang,HaasTooling.com,21,0,260,Running,0,Stewart-Haas Racing,6422,Chad Johnston,24,0,4084,41,False,0,648
5389,1,2024,289234,17,11,24,William Byron,"Charlotte, North Carolina",Charlotte,North Carolina,United States,1581,Hendrick Motorsports,22,11,176.853,0,0,Chevrolet,Camaro,Raptor High Heat,22,0,260,Running,0,Hendrick Motorsports,6053,Rudy Fugle,2,0,1464,24,False,0,757
5389,1,2024,289235,18,26,31,Daniel Hemric,"Kannapolis, North Carolina",Kannapolis,North Carolina,United States,3129,Kaulig Racing,23,26,175.966,0,0,Chevrolet,Camaro,Cirkul,19,0,260,Running,0,Kaulig Racing,2467,Trent Owens,21,0,7087,31,False,0,769
5389,1,2024,289247,19,35,77,Carson Hocevar,"Portage, Michigan",Portage,Michigan,United States,3000,Spire Motorsports,35,35,173.234,0,0,Chevrolet,Camaro,Premier Security,18,0,260,Running,0,Spire Motorsports,6437,Lucas Lambert,29,0,7958,77,False,0,897
5389,1,2024,289244,20,31,51,Justin Haley,"Winamac, Indiana",Winamac,Indiana,United States,1430,Rick Ware Racing,32,31,175.05,0,0,Ford,Mustang,Grady Medical Centers,17,0,260,Running,0,Rick Ware Racing,5233,Chris Lawson,28,0,3486,51,False,0,1043
5389,1,2024,289239,21,34,42,John H. Nemechek,"Mooresville, North Carolina",Mooresville,North Carolina,United States,3130,Legacy Motor Club,27,34,173.364,0,0,Toyota,Camry,Family Dollar,16,0,260,Running,0,Legacy Motor Club,7238,Ben Beshore,13,0,6710,42,False,0,1215
5389,1,2024,289215,22,10,3,Austin Dillon,"Welcome, North Carolina",Welcome,North Carolina,United States,2765,Richard Childress Racing,3,10,177.102,0,0,Chevrolet,Camaro,BREZTRI,15,0,260,Running,0,Richard Childress Racing,5076,Keith Rodden,35,0,553,3,False,0,2927
5389,1,2024,289223,23,13,11,Denny Hamlin,"Chesterfield, Virginia",Chesterfield,Virginia,United States,1447,Joe Gibbs Racing,11,13,176.701,15,1,Toyota,Camry,FedEx,14,0,259,Running,0,Joe Gibbs Racing,7088,Christopher Gabehart,19,0,4047,11,False,1,0
5389,1,2024,289248,24,36,78,BJ McLeod,"Wauchula, Florida",Wauchula,Florida,United States,3080,Live Fast Motorsports,36,36,171.196,0,0,Chevrolet,Camaro,Live Fast Motorsports,0,0,257,Running,0,Live Fast Motorsports,6391,George Ingram,40,0,7093,78,False,3,0
5389,1,2024,289240,25,37,43,Erik Jones,"Byron, Michigan",Byron,Michigan,United States,1690,Legacy Motor Club,28,37,164.554,0,0,Toyota,Camry,AdventHealth,12,0,256,Running,0,Legacy Motor Club,6935,David Elenz,17,0,6710,43,False,4,0
5389,1,2024,289237,26,4,38,Todd Gilliland,"Sherrills Ford, North Carolina",Sherrills Ford,North Carolina,United States,2485,Front Row Motorsports,25,4,178.08,58,6,Ford,Mustang,Georgia Peanuts ,17,0,256,Running,0,Front Row Motorsports,5947,Ryan Bergenty,32,0,7566,38,False,4,0
5389,1,2024,289243,27,17,48,Alex Bowman,"Tucson, Arizona",Tucson,Arizona,United States,1707,Hendrick Motorsports,31,17,176.431,0,0,Chevrolet,Camaro,Ally,10,0,255,Running,0,Hendrick Motorsports,7832,Blake Harris,9,0,1464,48,False,5,0
5389,1,2024,289232,28,2,22,Joey Logano,"Middletown, Connecticut",Middletown,Connecticut,United States,2593,Team Penske,20,2,178.424,27,3,Ford,Mustang,Shell Pennzoil,9,0,252,Running,0,Team Penske,3629,Paul Wolfe,33,0,4414,22,False,8,0
5389,1,2024,289216,29,14,4,Josh Berry,"Hendersonville, Tennessee",Hendersonville,Tennessee,United States,2766,Stewart-Haas Racing,4,14,176.69,0,0,Ford,Mustang,Harrison's,8,0,250,Accident,0,Stewart-Haas Racing,555,Rodney Childers,31,0,3193,4,False,10,0
5389,1,2024,289241,30,19,45,Tyler Reddick,"Corning, California",Corning,California,United States,3131,23XI Racing,29,19,176.386,0,0,Toyota,Camry,Xfinity Mobile,7,0,243,Running,0,23XI Racing,6801,Billy Scott,25,0,7712,45,False,17,0
5389,1,2024,289225,31,9,14,Chase Briscoe,"Mitchell, Indiana",Mitchell,Indiana,United States,2370,Stewart-Haas Racing,13,9,177.125,0,0,Ford,Mustang,HighPoint.com,8,0,239,Accident,0,Stewart-Haas Racing,6061,Richard Boswell II,22,0,4084,14,False,21,0
5389,1,2024,289217,32,5,5,Kyle Larson,"Elk Grove, California",Elk Grove,California,United States,1717,Hendrick Motorsports,5,5,177.829,17,7,Chevrolet,Camaro,HendrickCars.com,21,0,222,Accident,0,Hendrick Motorsports,7627,Cliff Daniels,11,0,1464,5,False,38,0
5389,1,2024,289218,33,24,6,Brad Keselowski,"Rochester Hills, Michigan",Rochester Hills,Michigan,United States,2803,RFK Racing,6,24,176.117,2,2,Ford,Mustang,King's Hawaiian ,8,0,218,Accident,0,RFK Racing,2151,Matt McCall,36,0,4493,6,False,42,0
5389,1,2024,289230,34,22,20,Christopher Bell,"Norman, Oklahoma",Norman,Oklahoma,United States,1550,Joe Gibbs Racing,18,22,176.14,0,0,Toyota,Camry,DEWALT ,3,0,148,Accident,0,Joe Gibbs Racing,6324,Adam Stevens,16,0,4047,20,False,112,0
5389,1,2024,289246,35,29,71,Zane Smith,"Huntington Beach, California",Huntington Beach,California,United States,3213,Spire Motorsports,34,29,175.243,0,0,Chevrolet,Camaro,City of Refuge,0,0,75,DVP,0,Spire Motorsports,7940,Stephen Doran,27,0,7958,71,False,185,0
5389,1,2024,289222,36,15,10,Noah Gragson,"Las Vegas, Nevada",Las Vegas,Nevada,United States,2686,Stewart-Haas Racing,10,15,176.645,0,0,Ford,Mustang,Black Rifle Coffee / Ranger Boats ,1,0,66,Accident,0,Stewart-Haas Racing,4938,Drew Blickensderfer,26,0,3193,10,False,194,0
5389,1,2024,289227,37,30,16,Josh Williams,"Port Charlotte, Florida",Port Charlotte,Florida,United States,3049,Kaulig Racing,15,30,175.083,0,0,Chevrolet,Camaro,Alloy Employer Services,0,0,2,Accident,0,Kaulig Racing,7370,Travis Mack,42,0,7087,16,False,258,0
5429,2,2024,289123,0,0,74,Stanton Barrett,"Bishop, California",Bishop,California,United States,3055,Mike Harmon Racing,38,43,174.625,0,0,Chevrolet,Impala,Save22,0,0,0,,0,Mike Harmon Racing,5277,George Church,43,0,1392,74,False,0,0
5429,2,2024,289118,0,0,45,Caesar Bacarella,"Parkland, Florida",Parkland,Florida,United States,3140,Alpha Prime Racing,33,40,177.785,0,0,Chevrolet,Impala,Prime Bites,0,0,0,,0,Alpha Prime Racing,5002,Teddy Brown,40,0,7392,45,False,0,0
5429,2,2024,289121,0,0,53,Joey Gase,"Cedar Rapids, Iowa",Cedar Rapids,Iowa,United States,3141,Joey Gase Motorsports,36,39,178.267,0,0,Chevrolet,Impala,NCPC Race Against Crime,0,0,0,,0,Joey Gase Motorsports,5065,Scott Eggleston,39,0,8040,53,False,0,0
5429,2,2024,289122,0,0,66,David Starr,"Houston, Texas",Houston,Texas,United States,3056,Motorsports Business Management,37,44,0.0,0,0,Ford,Fusion,GreenLightPP.com,0,0,0,,0,Motorsports Business Management,2028,Carl Long,44,0,5903,66,False,0,0
5429,2,2024,289107,0,0,28,Kyle Sieg,"Tucker, Georgia",Tucker,Georgia,United States,3135,RSS Racing,22,42,176.845,0,0,Ford,Fusion,Night Owl Companies,0,0,0,,0,RSS Racing,7964,Michael Scearce,42,0,6006,28,False,0,0
5429,2,2024,289113,0,0,38,CJ McLaughlin,"Framingham, Massachusetts",Framingham,Massachusetts,United States,2964,RSS Racing,28,41,177.382,0,0,Ford,Fusion,Viking Motorsports,0,0,0,,0,RSS Racing,7217,Kevin Johnson,41,0,5986,38,False,0,0
5429,2,2024,289104,1,2,21,Austin Hill,"Winston, Georgia",Winston,Georgia,United States,2899,Richard Childress Racing,19,2,181.068,9,3,Chevrolet,Impala,Bennett Transportation,59,6,120,Running,0,Richard Childress Racing,7642,Andy Street,1,0,553,21,False,0,0
5429,2,2024,289101,2,14,18,Sheldon Creed,"Alpine, California",Alpine,California,United States,1908,Joe Gibbs Racing,16,14,179.86,2,2,Toyota,Supra,,48,0,120,Running,0,Joe Gibbs Racing,7674,Samuel McAulay,2,0,4047,18,False,0,591
5429,2,2024,289109,3,9,31,Parker Retzlaff,"Rhinelander, Wisconsin",Rhinelander,Wisconsin,United States,3085,Jordan Anderson Racing,24,9,180.133,0,0,Chevrolet,Impala,FUNKAWAY,34,0,120,Running,0,Jordan Anderson Racing,5973,Chad Kendrick,4,0,6913,31,False,0,1163
5429,2,2024,289110,4,29,32,Jordan Anderson,"Forest Acres, South Carolina",Forest Acres,South Carolina,United States,3136,Jordan Anderson Racing,25,29,178.543,6,1,Chevrolet,Camaro,Capital City Towing/Bommarito,33,0,120,Running,0,Jordan Anderson Racing,8050,Jon Marlott,6,0,7432,32,False,0,1164
5429,2,2024,289125,5,19,81,Chandler Smith,"Talking Rock, Georgia",Talking Rock,Georgia,United States,3097,Joe Gibbs Racing,40,19,179.619,1,1,Toyota,Supra,Mobil 1,32,0,120,Running,0,Joe Gibbs Racing,5165,Jeff Meendering,7,0,4047,81,False,0,1253
5429,2,2024,289129,6,11,98,Riley Herbst,"Las Vegas, Nevada",Las Vegas,Nevada,United States,2712,Stewart-Haas Racing,44,11,179.932,8,2,Ford,Fusion,Monster Energy,35,0,120,Running,0,Stewart-Haas Racing,7750,Davin Restivo,3,0,3193,98,False,0,1279
5429,2,2024,289103,7,8,20,John H. Nemechek,"Mooresville, North Carolina",Mooresville,North Carolina,United States,1912,Joe Gibbs Racing,18,8,180.223,0,0,Toyota,Supra,Pye Barker Fire & Safety,0,0,120,Running,0,Joe Gibbs Racing,7825,Tyler Allen,36,0,4047,20,False,0,1314
5429,2,2024,289094,8,6,7,Justin Allgaier,"Riverton, Illinois",Riverton,Illinois,United States,2496,JR Motorsports,8,6,180.458,7,1,Chevrolet,Impala,BRANDT,34,0,120,Running,0,JR Motorsports,6436,James Pohlman,5,0,6522,7,False,0,1353
5429,2,2024,289096,9,22,9,Brandon Jones,"Atlanta, Georgia",Atlanta,Georgia,United States,2649,JR Motorsports,10,22,179.555,0,0,Chevrolet,Impala,Menards/Swiffer,29,0,120,Running,0,JR Motorsports,8025,Phillip Bell,10,0,1464,9,False,0,1545
5429,2,2024,289100,10,3,16,AJ Allmendinger,"Los Gatos, California",Los Gatos,California,United States,3035,Kaulig Racing,15,3,180.799,3,1,Chevrolet,Impala,Celsius,32,0,120,Running,0,Kaulig Racing,3671,Alex Yontz,8,0,7087,16,False,0,2445
5429,2,2024,289116,11,36,43,Ryan Ellis,"Ashburn, Virginia",Ashburn,Virginia,United States,3185,Alpha Prime Racing,31,36,177.043,11,1,Chevrolet,Impala,Heartbeat Hot Sauce Co.,26,0,120,Running,0,Alpha Prime Racing,6428,Keith Wolfe,12,0,6010,43,False,0,2887
5429,2,2024,289128,12,5,97,Shane Van Gisbergen,"Auckland, New Zealand",Auckland,,New Zealand,3217,Kaulig Racing,43,5,180.614,0,0,Chevrolet,Impala,WeatherTech,25,0,120,Running,0,Kaulig Racing,6056,Bruce Schlicker,13,0,7087,97,False,0,2914
5429,2,2024,289087,13,17,00,Cole Custer,"Ladera Ranch, California",Ladera Ranch,California,United States,1888,Stewart-Haas Racing,1,17,179.687,6,1,Ford,Fusion,Haas Automation,31,0,120,Running,0,Stewart-Haas Racing,7945,Jonathan Toney,9,0,4084,00,False,0,4775
5429,2,2024,289108,14,34,29,Blaine Perkins,"Bakersfield, California",Bakersfield,California,United States,3202,RSS Racing,23,34,178.034,0,0,Ford,Fusion,AUTOPARKIT.com,23,0,120,Running,0,RSS Racing,4887,Steve Addington,14,0,6640,29,False,0,8377
5429,2,2024,289124,15,38,78,BJ McLeod,"Wauchula, Florida",Wauchula,Florida,United States,3118,B.J. McLeod Motorsports,39,38,176.689,0,0,Chevrolet,Impala,Kales Truck Heavy Equipment,22,0,120,Running,0,B.J. McLeod Motorsports,4906,Pat Tryson,16,0,7093,78,False,0,10947
5429,2,2024,289092,16,23,6,Garrett Smithley,"Ligonier, Pennsylvania",Ligonier,Pennsylvania,United States,2182,JD Motorsports,6,23,179.555,0,0,Chevrolet,Impala,Z&M Harley Davidson,21,0,120,Running,0,JD Motorsports,8044,Dylan Roberts,18,0,7869,6,False,0,12186
5429,2,2024,289093,17,13,07,Patrick Emerling,"Orchard Park, New York",Orchard Park,New York,United States,2886,SS GreenLight Racing,7,13,179.874,0,0,Chevrolet,Impala,"Phillips, Hunt, Walker",20,0,120,Running,0,SS GreenLight Racing,6075,Paul Clapprood,20,0,7858,07,False,0,12527
5429,2,2024,289112,18,30,36,Natalie Decker,"Eagle River, Wisconsin",Eagle River,Wisconsin,United States,2820,DGM Racing,27,30,178.508,7,1,Chevrolet,Impala,Amped Fitness,19,0,120,Running,0,DGM Racing,7677,BJ Tucker,23,0,5352,36,False,0,15390
5429,2,2024,289117,19,33,44,Brennan Poole,"The Woodlands, Texas",The Woodlands,Texas,United States,3139,Alpha Prime Racing,32,33,178.43,0,0,Chevrolet,Impala,Finance Pro Plus,18,0,120,Running,0,Alpha Prime Racing,5006,Frank Kerr,24,0,6010,44,False,0,20638
5429,2,2024,289089,20,1,2,Jesse Love,"Menlo Park, California",Menlo Park,California,United States,2598,Richard Childress Racing,3,1,181.079,34,2,Chevrolet,Impala,Whelen,27,1,120,Running,0,Richard Childress Racing,6326,Danny Stockman Jr,11,0,553,2,False,0,25752
5429,2,2024,289102,21,20,19,Ryan Truex,"Mayetta, New Jersey",Mayetta,New Jersey,United States,1909,Joe Gibbs Racing,17,20,179.601,0,0,Toyota,Supra,Toyota SmartPath,22,0,120,Running,0,Joe Gibbs Racing,7672,Seth Chavka,17,0,4047,19,False,0,29153
5429,2,2024,289114,22,31,39,Ryan Sieg,"Tucker, Georgia",Tucker,Georgia,United States,2606,RSS Racing,29,31,178.476,12,1,Ford,Fusion,Sci Aps/Scrap University,21,0,120,Running,0,RSS Racing,7183,Matt Noyce,19,0,6640,39,False,0,33293
5429,2,2024,289095,23,12,8,Sammy Smith,"Johnston, Iowa",Johnston,Iowa,United States,1945,JR Motorsports,9,12,179.885,6,2,Chevrolet,Impala,Pilot Flying J,23,0,119,Running,0,JR Motorsports,8024,Adam Wall,15,0,915,8,False,1,0
5429,2,2024,289091,24,10,5,Anthony Alfredo,"Ridgefield, Connecticut",Ridgefield,Connecticut,United States,3214,Our Motorsports,5,10,179.939,0,0,Chevrolet,Impala,Dude Wipes ,20,0,118,Running,0,Our Motorsports,7963,Joshua Graham,21,0,7584,5,False,2,0
5429,2,2024,289119,25,4,48,Parker Kligerman,"Westport, Connecticut",Westport,Connecticut,United States,3095,Big Machine Racing,34,4,180.766,0,0,Chevrolet,Impala, Spiked Lite Coolers,20,0,118,Running,0,Big Machine Racing,5236,Patrick Donahue,22,0,7726,48,False,2,0
5429,2,2024,289106,26,16,27,Jeb Burton,"Halifax, Virginia",Halifax,Virginia,United States,3183,Jordan Anderson Racing,21,16,179.709,8,1,Chevrolet,Impala,Golden Corral,17,0,118,Running,0,Jordan Anderson Racing,6728,Shane Whitbeck,25,0,6913,27,False,2,0
5429,2,2024,289097,27,26,10,Daniel Dye,"Deland, Florida",Deland,Florida,United States,2956,Kaulig Racing,11,26,178.937,0,0,Chevrolet,Impala,Champion Containers,0,0,117,Running,0,Kaulig Racing,5841,Phillippe Lopez,37,0,7087,10,False,3,0
5429,2,2024,289105,28,32,26,Sage Karam,"Nazareth, Pennsylvania",Nazareth,Pennsylvania,United States,3046,Sam Hunt Racing,20,32,178.469,0,0,Toyota,Supra,CRC Brakleen,9,0,111,Accident,0,Sam Hunt Racing,7866,Kris Bowen,26,0,7646,26,False,9,0
5429,2,2024,289120,29,7,51,Jeremy Clements,"Spartanburg, South Carolina",Spartanburg,South Carolina,United States,2608,Jeremy Clements Racing,35,7,180.285,0,0,Chevrolet,Impala,One Stop / All South Electric,8,0,109,DVP,0,Jeremy Clements Racing,6900,Mark Setzer,27,0,5394,51,False,11,0
5429,2,2024,289115,30,24,42,Leland Honeyman,"Mooresville, North Carolina",Mooresville,North Carolina,United States,3216,Young's Motorsports,30,24,179.544,0,0,Chevrolet,Impala,Ohio Logistics,7,0,102,Accident,0,Young's Motorsports,7097,Andrew Abbott,28,0,6554,42,False,18,0
5429,2,2024,289090,31,35,4,Dawson Cram,"Mooresville, North Carolina",Mooresville,North Carolina,United States,2454,JD Motorsports,4,35,177.567,0,0,Chevrolet,Impala,FIRMAN Power Equipment,6,0,51,Accident,0,JD Motorsports,7478,Kase Kallenbach,29,0,4830,4,False,69,0
5429,2,2024,289127,32,27,92,Josh Bilicki,"Menomonee Falls, Wisconsin",Menomonee Falls,Wisconsin,United States,2506,DGM Racing,42,27,178.688,0,0,Chevrolet,Impala,Zeigler Auto Group,5,0,51,Accident,0,DGM Racing,5057,Bryan Berry,30,0,7591,92,False,69,0
5429,2,2024,289111,33,37,35,Frankie Muniz,"Scottsdale, Arizona",Scottsdale,Arizona,United States,3138,Joey Gase Motorsports,26,37,176.793,0,0,Ford,Fusion,Ford Performance,4,0,37,DVP,0,Joey Gase Motorsports,5163,Wayne Carroll Jr,31,0,7839,35,False,83,0
5429,2,2024,289098,34,21,11,Josh Williams,"Port Charlotte, Florida",Port Charlotte,Florida,United States,2887,Kaulig Racing,12,21,179.558,0,0,Chevrolet,Impala,Alloy Employer Services,3,0,37,DVP,0,Kaulig Racing,7047,Kevin Walter,32,0,7087,11,False,83,0
5429,2,2024,289130,35,18,14,Daniel Suárez,"Monterrey, Mexico",Monterrey,,Mexico,3232,SS GreenLight Racing,13,18,179.662,0,0,Chevrolet,Impala,Wendy's,0,0,23,Accident,0,SS GreenLight Racing,5243,Jason Miller,38,0,869,114,False,0,0
5429,2,2024,289088,36,15,1,Sam Mayer,"Franklin, Wisconsin",Franklin,Wisconsin,United States,1898,JR Motorsports,2,15,179.799,0,0,Chevrolet,Impala,Carolina Carports,1,0,22,Accident,0,JR Motorsports,1997,Mardy Lindley,33,0,2261,1,False,98,0
5429,2,2024,289099,37,28,15,Hailie Deegan,"Temecula, California",Temecula,California,United States,3201,AM Racing,14,28,178.642,0,0,Ford,Fusion,Klutch Vodka,1,0,22,Accident,0,AM Racing,6363,Joe Williams,34,0,736,15,False,98,0
5429,2,2024,289126,38,25,91,Kyle Weatherman,"Wentzville, Missouri",Wentzville,Missouri,United States,3089,DGM Racing,41,25,179.429,0,0,Chevrolet,Impala,DriveSmartWarranty.com,1,0,22,Accident,0,DGM Racing,1243,Mario Gosselin,35,0,1243,91,False,98,0
5433,2,2024,289266,1,2,21,Austin Hill,"Winston, Georgia",Winston,Georgia,United States,2899,Richard Childress Racing,18,2,173.706,2,1,Chevrolet,Impala,Bennett Transportation,43,5,169,Running,0,Richard Childress Racing,7642,Andy Street,1,0,553,21,False,0,0
5433,2,2024,289282,2,12,81,Chandler Smith,"Talking Rock, Georgia",Talking Rock,Georgia,United States,3097,Joe Gibbs Racing,34,12,171.673,0,0,Toyota,Supra,QuickTie,40,0,169,Running,0,Joe Gibbs Racing,5165,Jeff Meendering,4,0,4047,81,False,0,106
5433,2,2024,289285,3,13,97,Shane Van Gisbergen,"Auckland, New Zealand",Auckland,,New Zealand,3217,Kaulig Racing,37,13,171.444,0,0,Chevrolet,Impala,WeatherTech,34,0,169,Running,0,Kaulig Racing,6056,Bruce Schlicker,9,0,7087,97,False,0,281
5433,2,2024,289263,4,10,18,Sheldon Creed,"Alpine, California",Alpine,California,United States,1908,Joe Gibbs Racing,15,10,172.49,0,0,Toyota,Supra,Friends of Jaclyn Foundation,37,0,169,Running,0,Joe Gibbs Racing,7674,Samuel McAulay,2,0,4047,18,False,0,414
5433,2,2024,289271,5,24,31,Parker Retzlaff,"Rhinelander, Wisconsin",Rhinelander,Wisconsin,United States,3085,Jordan Anderson Racing,23,24,169.169,0,0,Chevrolet,Impala,FVP / Bommarito.com,32,0,169,Running,0,Jordan Anderson Racing,5973,Chad Kendrick,6,0,6913,31,False,0,735
5433,2,2024,289280,6,23,51,Jeremy Clements,"Spartanburg, South Carolina",Spartanburg,South Carolina,United States,2608,Jeremy Clements Racing,32,23,169.396,0,0,Chevrolet,Impala,One Stop / All South Electric,31,0,169,Running,0,Jeremy Clements Racing,6900,Mark Setzer,17,0,5394,51,False,0,780
5433,2,2024,289254,7,15,5,Anthony Alfredo,"Ridgefield, Connecticut",Ridgefield,Connecticut,United States,3214,Our Motorsports,5,15,171.037,0,0,Chevrolet,Impala,Chapman Fence,30,0,169,Running,0,Our Motorsports,7963,Joshua Graham,14,0,7584,5,False,0,802
5433,2,2024,289267,8,22,26,Jeffrey Earnhardt,"Mooresville, North Carolina",Mooresville,North Carolina,United States,3046,Sam Hunt Racing,19,22,169.552,0,0,Toyota,Supra,ForeverLawn,29,0,169,Running,0,Sam Hunt Racing,7866,Kris Bowen,25,0,7646,26,False,0,2103
5433,2,2024,289264,9,8,19,Ryan Truex,"Mayetta, New Jersey",Mayetta,New Jersey,United States,1909,Joe Gibbs Racing,16,8,172.823,0,0,Toyota,Supra,Toyota Genuine Parts,42,0,169,Running,0,Joe Gibbs Racing,7672,Seth Chavka,7,0,4047,19,False,0,2856
5433,2,2024,289258,10,14,8,Sammy Smith,"Johnston, Iowa",Johnston,Iowa,United States,1945,JR Motorsports,9,14,171.429,0,0,Chevrolet,Impala,Pilot Flying J,34,0,169,Running,0,JR Motorsports,8024,Adam Wall,10,0,915,8,False,0,3062
5433,2,2024,289251,11,6,1,Sam Mayer,"Franklin, Wisconsin",Franklin,Wisconsin,United States,1898,JR Motorsports,2,6,173.099,0,0,Chevrolet,Impala,Raptor High Heat,34,0,169,Running,0,JR Motorsports,1997,Mardy Lindley,20,0,2261,1,False,0,3294
5433,2,2024,289252,12,1,2,Jesse Love,"Menlo Park, California",Menlo Park,California,United States,2598,Richard Childress Racing,3,1,173.935,157,6,Chevrolet,Impala,Whelen,45,2,169,Running,0,Richard Childress Racing,6326,Danny Stockman Jr,5,0,553,2,False,0,5147
5433,2,2024,289262,13,7,16,AJ Allmendinger,"Los Gatos, California",Los Gatos,California,United States,3035,Kaulig Racing,14,7,173.061,8,3,Chevrolet,Impala,Campers Inn RV,31,0,169,Running,0,Kaulig Racing,3671,Alex Yontz,8,0,7087,16,False,0,14064
5433,2,2024,289259,14,18,9,Brandon Jones,"Atlanta, Georgia",Atlanta,Georgia,United States,2649,JR Motorsports,10,18,170.805,0,0,Chevrolet,Impala,Menards / Atlas Roofing,23,0,169,Running,0,JR Motorsports,8025,Phillip Bell,13,0,1464,9,False,0,19016
5433,2,2024,289286,15,4,98,Riley Herbst,"Las Vegas, Nevada",Las Vegas,Nevada,United States,2712,Stewart-Haas Racing,38,4,173.255,0,0,Ford,Fusion,Monster Energy,39,0,168,Running,0,Stewart-Haas Racing,7750,Davin Restivo,3,0,3193,98,False,1,0
5433,2,2024,289250,16,11,00,Cole Custer,"Ladera Ranch, California",Ladera Ranch,California,United States,1888,Stewart-Haas Racing,1,11,171.864,0,0,Ford,Fusion,Haas Automation,25,0,168,Running,0,Stewart-Haas Racing,7945,Jonathan Toney,12,0,4084,00,False,1,0
5433,2,2024,289283,17,17,91,Kyle Weatherman,"Wentzville, Missouri",Wentzville,Missouri,United States,3089,DGM Racing,35,17,170.858,0,0,Chevrolet,Impala,DriveSmartWarranty.com	,20,0,168,Running,0,DGM Racing,1243,Mario Gosselin,29,0,1243,91,False,1,0
5433,2,2024,289281,18,21,78,BJ McLeod,"Wauchula, Florida",Wauchula,Florida,United States,3118,B.J. McLeod Motorsports,33,21,169.666,0,0,Chevrolet,Impala,BJ McLeod Motorsports,19,0,168,Running,0,B.J. McLeod Motorsports,4906,Pat Tryson,16,0,7093,78,False,1,0
5433,2,2024,289279,19,5,48,Parker Kligerman,"Westport, Connecticut",Westport,Connecticut,United States,3095,Big Machine Racing,31,5,173.131,1,1,Chevrolet,Impala, Spiked Lite Coolers,24,0,168,Running,0,Big Machine Racing,5236,Patrick Donahue,15,0,7726,48,False,1,0
5433,2,2024,289278,20,30,44,Brennan Poole,"The Woodlands, Texas",The Woodlands,Texas,United States,3139,Alpha Prime Racing,30,30,167.563,0,0,Chevrolet,Impala,Finance Pro Plus,17,0,167,Running,0,Alpha Prime Racing,5006,Frank Kerr,21,0,6010,44,False,2,0
5433,2,2024,289276,21,35,42,Leland Honeyman,"Mooresville, North Carolina",Mooresville,North Carolina,United States,3216,Young's Motorsports,28,35,167.235,0,0,Chevrolet,Impala,LH Waterfront Construction,16,0,167,Running,0,Young's Motorsports,7097,Andrew Abbott,28,0,6554,42,False,2,0
5433,2,2024,289275,22,20,39,Ryan Sieg,"Tucker, Georgia",Tucker,Georgia,United States,2606,RSS Racing,27,20,170.422,0,0,Ford,Fusion,Sci Aps,17,0,167,Running,0,RSS Racing,7183,Matt Noyce,19,0,6640,39,False,2,0
5433,2,2024,289268,23,25,27,Jeb Burton,"Halifax, Virginia",Halifax,Virginia,United States,3183,Jordan Anderson Racing,20,25,169.045,0,0,Chevrolet,Impala,State Water Heaters,14,0,167,Running,0,Jordan Anderson Racing,6728,Shane Whitbeck,23,0,6913,27,False,2,0
5433,2,2024,289287,24,36,14,JJ Yeley,"Phoenix, Arizona",Phoenix,Arizona,United States,3232,SS GreenLight Racing,12,36,167.053,0,0,Chevrolet,Impala,TBA,13,0,167,Running,0,SS GreenLight Racing,5243,Jason Miller,31,0,869,114,False,0,0
5433,2,2024,289277,25,34,43,Ryan Ellis,"Ashburn, Virginia",Ashburn,Virginia,United States,3185,Alpha Prime Racing,29,34,167.255,0,0,Chevrolet,Impala,Classic Collision,12,0,167,Running,0,Alpha Prime Racing,5232,Mike Hillman Sr.,18,0,6010,43,False,2,0
5433,2,2024,289284,26,31,92,Nick Leitz,"Hampton Roads, Virginia",Hampton Roads,Virginia,United States,2506,DGM Racing,36,31,167.492,0,0,Chevrolet,Impala,"Precision Measurements, Inc. ",11,0,167,Running,0,DGM Racing,5057,Bryan Berry,33,0,7591,92,False,2,0
5433,2,2024,289261,27,19,15,Hailie Deegan,"Temecula, California",Temecula,California,United States,3201,AM Racing,13,19,170.705,0,0,Ford,Fusion,AirBox,10,0,167,Running,0,AM Racing,6363,Joe Williams,34,0,736,15,False,2,0
5433,2,2024,289257,28,9,7,Justin Allgaier,"Riverton, Illinois",Riverton,Illinois,United States,2496,JR Motorsports,8,9,172.63,0,0,Chevrolet,Impala,Jarrett 25 Years,22,0,167,Running,0,JR Motorsports,6436,James Pohlman,11,0,6522,7,False,2,0
5433,2,2024,289273,29,33,35,Joey Gase,"Cedar Rapids, Iowa",Cedar Rapids,Iowa,United States,3138,Joey Gase Motorsports,25,33,167.316,0,0,Chevrolet,Impala,NCPC Race Against Crime	,8,0,166,Running,0,Joey Gase Motorsports,5163,Wayne Carroll Jr,36,0,7839,35,False,3,0
5433,2,2024,289270,30,28,29,Blaine Perkins,"Bakersfield, California",Bakersfield,California,United States,3202,RSS Racing,22,28,168.413,0,0,Ford,Fusion,Pritchard Injury Firm ,7,0,166,Running,0,RSS Racing,4887,Steve Addington,24,0,6640,29,False,3,0
5433,2,2024,289253,31,29,4,Dawson Cram,"Mooresville, North Carolina",Mooresville,North Carolina,United States,2454,JD Motorsports,4,29,168.158,0,0,Chevrolet,Impala,KSDT CPA,6,0,166,Running,0,JD Motorsports,7478,Kase Kallenbach,32,0,4830,4,False,3,0
5433,2,2024,289265,32,3,20,John H. Nemechek,"Mooresville, North Carolina",Mooresville,North Carolina,United States,1912,Joe Gibbs Racing,17,3,173.537,0,0,Toyota,Supra,Pye Barker Fire & Safety,0,0,165,Running,0,Joe Gibbs Racing,7825,Tyler Allen,41,0,4047,20,False,4,0
5433,2,2024,289256,33,37,07,Patrick Emerling,"Orchard Park, New York",Orchard Park,New York,United States,2886,SS GreenLight Racing,7,37,166.008,0,0,Chevrolet,Impala,SIMFORGE ,4,0,165,Running,0,SS GreenLight Racing,6075,Paul Clapprood,27,0,7858,07,False,4,0
5433,2,2024,289255,34,32,6,Garrett Smithley,"Ligonier, Pennsylvania",Ligonier,Pennsylvania,United States,2182,JD Motorsports,6,32,167.437,0,0,Chevrolet,Impala,TBD ,3,0,165,Running,0,JD Motorsports,8044,Dylan Roberts,26,0,7869,6,False,4,0
5433,2,2024,289274,35,27,38,CJ McLaughlin,"Framingham, Massachusetts",Framingham,Massachusetts,United States,2964,RSS Racing,26,27,168.511,0,0,Ford,Fusion,Viking Motorsports,0,0,164,Running,0,RSS Racing,7217,Kevin Johnson,44,0,5986,38,False,5,0
5433,2,2024,289269,36,26,28,Kyle Sieg,"Tucker, Georgia",Tucker,Georgia,United States,3135,RSS Racing,21,26,168.752,1,1,Ford,Fusion,Night Owl,1,0,164,Running,0,RSS Racing,7964,Michael Scearce,40,0,6006,28,False,5,0
5433,2,2024,289260,37,16,11,Josh Williams,"Port Charlotte, Florida",Port Charlotte,Florida,United States,2887,Kaulig Racing,11,16,170.953,0,0,Chevrolet,Impala,Alloy Employer Services,1,0,159,Running,0,Kaulig Racing,7047,Kevin Walter,39,0,7087,11,False,10,0
5433,2,2024,289272,38,38,32,Jordan Anderson,"Forest Acres, South Carolina",Forest Acres,South Carolina,United States,3136,Jordan Anderson Racing,24,38,0.0,0,0,Chevrolet,Camaro,Easy Care,1,0,98,Steering,0,Jordan Anderson Racing,8050,Jon Marlott,22,0,7432,32,False,71,0
5462,3,2024,289169,0,0,10,Jennifer Jo Cobb,"Kansas City, Kansas",Kansas City,Kansas,United States,2278,Jennifer Jo Cobb Racing,40,39,174.971,0,0,Chevrolet,Silverado,Jennifer Jo Cobb Racing,0,0,0,,0,Jennifer Jo Cobb Racing,8048,Clayton Hughes,39,0,608,10,False,0,0
5462,3,2024,289164,0,0,95,Clay Greenfield,"Clarksville, Tennessee",Clarksville,Tennessee,United States,3198,GK Racing,35,38,175.227,0,0,Chevrolet,Silverado,Backyard Blues Pools,0,0,0,,0,GK Racing,7791,Tucker Wingo,38,0,6151,95,False,0,0
5462,3,2024,289170,0,0,36,Ryan Huff,"Williamsburg, Virginia",Williamsburg,Virginia,United States,3233,Ryan Huff Motorsports,39,40,171.959,0,0,Toyota,Tundra,Ryan Huff Motorsports,0,0,0,,0,Ryan Huff Motorsports,6762,Tim Silva,40,0,8043,136,False,0,0
5462,3,2024,289168,0,0,21,Mason Maggio,"Palm Beach Garden, Florida",Palm Beach Garden,Florida,United States,3227,Floridian Motorsports,14,37,175.476,0,0,Toyota,Tundra,East Coast Lumber and Supply,0,0,0,,0,Floridian Motorsports,8049,Tim Horton,37,0,8038,121,False,0,0
5462,3,2024,289133,1,6,2,Nicholas Sanchez,"Miami, Florida",Miami,Florida,United States,3190,Rev Racing,3,6,177.859,26,3,Chevrolet,Silverado,Gainbridge,42,5,101,Running,0,Rev Racing,4879,Kevin Manion,2,0,7955,2,False,0,0
5462,3,2024,289138,2,26,11,Corey Heim," Marietta, Georgia", Marietta,Georgia,United States,2740,TRICON Garage,8,26,176.194,0,0,Toyota,Tundra,Safelite,37,0,101,Running,0,TRICON Garage,5033,Scott Zipadelli,6,0,7845,11,False,0,85
5462,3,2024,289158,3,20,71,Rajah Caruth,"Washington, District of Columbia",Washington,District of Columbia,United States,3224,Spire Motorsports,29,20,176.602,1,1,Chevrolet,Silverado,HendrickCars.com,34,0,101,Running,0,Spire Motorsports,5028,Chad Walter,8,0,7958,71,False,0,86
5462,3,2024,289148,4,19,32,Bret Holmes,"Munford, Alabama",Munford,Alabama,United States,3093,Bret Holmes Racing,19,19,176.665,13,3,Chevrolet,Silverado,Precision Garage Door,38,0,101,Running,0,Bret Holmes Racing,5023,Mike Shiplett,4,0,7722,32,False,0,4553
5462,3,2024,289160,5,31,76,Spencer Boyd,"St. Louis, Missouri",St. Louis,Missouri,United States,3225,Freedom Racing Enterprises,31,31,175.747,0,0,Chevrolet,Silverado,Tibbetts Lumber,32,0,101,Running,0,Freedom Racing Enterprises,6954,Greg Ely,9,0,8041,76,False,0,4554
5462,3,2024,289159,6,27,75,Stefan Parsons,"Cornelius, North Carolina",Cornelius,North Carolina,United States,3113,Henderson Motorsports,30,27,176.043,0,0,Chevrolet,Silverado,Ballpark Buns and Rolls,31,0,101,Running,0,Henderson Motorsports,4896,Chris Carrier,11,0,4791,75,False,0,6189
5462,3,2024,289162,7,11,88,Matt Crafton,"Tulare, California",Tulare,California,United States,2109,ThorSport Racing,33,11,177.277,0,0,Ford,F-150,Ideal Door/Menards,38,0,101,Running,0,ThorSport Racing,6081,Jeriod Prince,5,0,4984,88,False,0,13392
5462,3,2024,289157,8,33,56,Timmy Hill,"Port Tobacco, Maryland",Port Tobacco,Maryland,United States,3019,Hill Motorsports,28,33,175.292,0,0,Toyota,Tundra,Coble Enterprises/UNITS,29,0,101,Running,0,Hill Motorsports,7462,Terry Elmore,12,0,7550,56,False,0,13393
5462,3,2024,289147,9,29,28,Bryan Dauzat,"Alexandria, Louisiana",Alexandria,Louisiana,United States,2043,FDNY Racing,18,29,175.908,0,0,Chevrolet,Silverado,FDNY Racing/OB Builders,28,0,101,Running,0,FDNY Racing,7557,Jim Rosenblum,13,0,4491,28,False,0,14144
5462,3,2024,289143,10,25,19,Christian Eckes,"Greenville, New York",Greenville,New York,United States,3060,McAnally Hilgemann Racing,13,25,176.205,1,1,Chevrolet,Silverado,NAPA AUTOCARE,39,0,101,Running,0,McAnally Hilgemann Racing,7363,Charles Denike,3,0,5247,19,False,0,17117
5462,3,2024,289142,11,5,18,Tyler Ankrum,"San Bernardino, California",San Bernardino,California,United States,3218,McAnally Hilgemann Racing,12,5,177.95,16,2,Chevrolet,Silverado,LiUNA!,43,1,101,Running,0,McAnally Hilgemann Racing,6635,Mark Hillman,1,0,7873,18,False,0,19010
5462,3,2024,289144,12,34,22,Jason M. White,"Sun Peaks, Canada",Sun Peaks,,Canada,3228,Reaume Brothers Racing,15,34,175.08,0,0,Ford,F-150, powder ventures excavations,25,0,101,Running,0,Reaume Brothers Racing,6792,Ryan London,14,0,7569,22,False,0,25827
5462,3,2024,289151,13,9,41,Bayley Currey,"Driftwood, Texas",Driftwood,Texas,United States,3164,Niece Motorsports,22,9,176.873,0,0,Chevrolet,Silverado,AutoVentive/Precision,32,0,101,Running,0,Niece Motorsports,6582,Mike Hillman Jr.,10,0,7172,41,False,0,25828
5462,3,2024,289156,14,17,52,Stewart Friesen,"Niagara-on-the-Lake, Ontario",Niagara-on-the-Lake,Ontario,Canada,2920,Halmar Friesen Racing,27,17,176.741,0,0,Toyota,Tundra,Halmar International ,23,0,101,Running,0,Halmar Friesen Racing,6755,James Villeneuve,16,0,7142,52,False,0,27694
5462,3,2024,289140,15,8,15,Tanner Gray,"Mooresville, North Carolina",Mooresville,North Carolina,United States,3010,TRICON Garage,10,8,177.536,1,1,Toyota,Tundra,Dead On Tools,22,0,101,Running,0,TRICON Garage,7831,Jerame Donley,20,0,7398,15,False,0,43517
5462,3,2024,289166,16,1,98,Ty Majeski,"Seymour, Wisconsin",Seymour,Wisconsin,United States,2467,ThorSport Racing,37,1,178.767,6,4,Ford,F-150,Road Ranger 50th Store,35,0,101,Running,0,ThorSport Racing,4921,Joe Shear Jr.,7,0,3907,98,False,0,43518
5462,3,2024,289137,17,22,9,Grant Enfinger,"Fairhope, Alabama",Fairhope,Alabama,United States,3058,CR7 Motorsports,7,22,176.502,2,1,Chevrolet,Silverado,Grant County Mulch,23,0,101,Running,0,CR7 Motorsports,6219,Jeff Stankiewicz,17,0,7500,9,False,0,76172
5462,3,2024,289163,18,23,91,Jack Wood,"Loomis, California",Loomis,California,United States,3155,McAnally Hilgemann Racing,34,23,176.491,0,0,Chevrolet,Silverado,Klotz Synthetics,23,0,101,Running,0,McAnally Hilgemann Racing,7100,Kevin Bellicourt,18,0,5247,91,False,0,106213
5462,3,2024,289141,19,12,17,Taylor Gray,"Denver, North Carolina",Denver,North Carolina,United States,2515,TRICON Garage,11,12,177.27,0,0,Toyota,Tundra,JBL,24,0,100,Accident,0,TRICON Garage,1468,Jeff Hensley,15,0,7398,17,False,1,0
5462,3,2024,289136,20,3,7,Corey LaJoie,"Concord, North Carolina",Concord,North Carolina,United States,3147,Spire Motorsports,6,3,178.419,5,1,Chevrolet,Silverado,BlueGreen Vacations,0,0,100,Accident,0,Spire Motorsports,5032,Brian Pattie,36,0,7958,7,False,1,0
5462,3,2024,289153,21,7,43,Daniel Dye,"Deland, Florida",Deland,Florida,United States,3222,McAnally Hilgemann Racing,24,7,177.722,0,0,Chevrolet,Silverado,Champion Container,23,0,100,Accident,0,McAnally Hilgemann Racing,121,Blake Bainbridge,19,0,7893,43,False,1,0
5462,3,2024,289134,22,30,04,Cory Roper,"Baytown, Texas",Baytown,Texas,United States,2958,Roper Racing,4,30,175.754,0,0,Chevrolet,Silverado,Fly Alliance/CarQuest,15,0,100,Accident,0,Roper Racing,7443,Craig Roper,22,0,8047,04,False,1,0
5462,3,2024,289165,23,14,97,Codie Rohrbaugh,"Petersburg, West Virginia",Petersburg,West Virginia,United States,3156,CR7 Motorsports,36,14,176.862,0,0,Chevrolet,Silverado,Grant County Mulch,14,0,100,Accident,0,CR7 Motorsports,6079,Michael Shelton,24,0,7500,97,False,1,0
5462,3,2024,289135,24,15,5,Dean Thompson,"Anaheim, California",Anaheim,California,United States,3193,TRICON Garage,5,15,176.803,0,0,Toyota,Tundra,David Mancini & Sons,15,0,100,Accident,0,TRICON Garage,7707,Derek Smith,23,0,7845,5,False,1,0
5462,3,2024,289132,25,32,02,Mason Massey,"Douglasville, Georgia",Douglasville,Georgia,United States,2781,Young's Motorsports,2,32,175.404,0,0,Chevrolet,Silverado,Brunt,12,0,100,Running,0,Young's Motorsports,5182,Joe Lax,26,0,6554,02,False,1,0
5462,3,2024,289152,26,4,42,Matt Mills,"New Philadelphia, Ohio",New Philadelphia,Ohio,United States,3071,Niece Motorsports,23,4,178.25,0,0,Chevrolet,Silverado,J.F. Electric/Utilitra,11,0,99,Running,0,Niece Motorsports,7379,Jon Leonard,27,0,7172,42,False,2,0
5462,3,2024,289131,27,13,1,Toni Breidinger,"Hillsborough, California",Hillsborough,California,United States,3090,TRICON Garage,1,13,176.949,0,0,Toyota,Tundra,Celsius,10,0,97,Running,0,TRICON Garage,7522,Seth Smith,28,0,7969,1,False,4,0
5462,3,2024,289161,28,18,77,Chase Purdy,"Meridian, Mississippi",Meridian,Mississippi,United States,3211,Spire Motorsports,32,18,176.692,1,1,Chevrolet,Silverado,Bama Buggies,9,0,93,Accident,0,Spire Motorsports,7706,Jason Trinchere,29,0,7958,77,False,8,0
5462,3,2024,289154,29,2,45,Johnny Sauter,"Necedah, Wisconsin",Necedah,Wisconsin,United States,2968,Niece Motorsports,25,2,178.703,24,6,Chevrolet,Silverado,Niece/IEDA,18,1,79,Accident,0,Niece Motorsports,6678,Phil Gould,21,0,7172,45,False,22,0
5462,3,2024,289167,30,24,99,Ben Rhodes,"Louisville, Kentucky",Louisville,Kentucky,United States,2354,ThorSport Racing,38,24,176.374,5,1,Ford,F-150,Ranch Fuel Energy Drink,13,0,71,Accident,0,ThorSport Racing,7431,Richard Lushes,25,0,4807,99,False,30,0
5462,3,2024,289146,31,36,27,Keith McGee,"Eagle River, Alaska",Eagle River,Alaska,United States,3229,Reaume Brothers Racing,17,36,172.44,0,0,Ford,F-150,More Core,6,0,44,Accident,0,Reaume Brothers Racing,7464,John Reaume,30,0,8026,27,False,57,0
5462,3,2024,289149,32,35,33,Lawless Alan,"Van Nuys, California",Van Nuys,California,United States,3017,Reaume Brothers Racing,20,35,174.835,0,0,Ford,F-150,AUTOChargit Mobile,5,0,27,Overheating,0,Reaume Brothers Racing,6523,Matthew Lucas,31,0,7414,33,False,74,0
5462,3,2024,289150,33,21,38,Layne Riggs,"Bahama, North Carolina",Bahama,North Carolina,United States,3062,Front Row Motorsports,21,21,176.585,0,0,Ford,F-150,Love's RV Stops,4,0,13,DVP,0,Front Row Motorsports,8031,Dylan Cappello,32,0,4184,38,False,88,0
5462,3,2024,289139,34,16,13,Jake Garcia,"Monroe, Georgia",Monroe,Georgia,United States,2410,ThorSport Racing,9,16,176.793,0,0,Ford,F-150,Quanta Services,3,0,6,Accident,0,ThorSport Racing,5020,Doug Randolph,33,0,4807,13,False,95,0
5462,3,2024,289145,35,28,25,Ty Dillon,"Welcome, North Carolina",Welcome,North Carolina,United States,3092,Rackley W.A.R.,16,28,175.915,0,0,Chevrolet,Silverado,Rackley Roofing,2,0,5,Accident,0,Rackley W.A.R.,4917,Shane Wilson,34,0,7720,25,False,96,0
5462,3,2024,289155,36,10,46,Thad Moffitt,"Trinity, North Carolina",Trinity,North Carolina,United States,3223,Faction Motorsports,26,10,176.398,0,0,Chevrolet,Silverado,Customers Bank,1,0,5,Accident,0,Faction Motorsports,1179,Doug George,35,0,8033,46,False,96,0
5464,3,2024,289292,1,7,7,Kyle Busch,"Las Vegas, Nevada",Las Vegas,Nevada,United States,3147,Spire Motorsports,5,7,172.587,33,4,Chevrolet,Silverado,Group1001,0,0,135,Running,0,Spire Motorsports,5032,Brian Pattie,40,0,7958,7,False,0,0
5464,3,2024,289318,2,3,98,Ty Majeski,"Seymour, Wisconsin",Seymour,Wisconsin,United States,2467,ThorSport Racing,32,3,173.293,3,2,Ford,F-150,Farm Paint/ Curb Records,46,0,135,Running,0,ThorSport Racing,4921,Joe Shear Jr.,2,0,3907,98,False,0,187
5464,3,2024,289294,3,19,11,Corey Heim," Marietta, Georgia", Marietta,Georgia,United States,2740,TRICON Garage,7,19,170.422,0,0,Toyota,Tundra,Safelite,40,0,135,Running,0,TRICON Garage,5033,Scott Zipadelli,4,0,7845,11,False,0,196
5464,3,2024,289297,4,31,17,Taylor Gray,"Denver, North Carolina",Denver,North Carolina,United States,2515,TRICON Garage,10,31,168.593,0,0,Toyota,Tundra,JBL,35,0,135,Running,0,TRICON Garage,1468,Jeff Hensley,8,0,1202,17,False,0,273
5464,3,2024,289290,5,18,2,Nicholas Sanchez,"Miami, Florida",Miami,Florida,United States,3190,Rev Racing,3,18,170.485,0,0,Chevrolet,Silverado,Gainbridge,37,0,135,Running,0,Rev Racing,4879,Kevin Manion,3,0,7955,2,False,0,649
5464,3,2024,289308,6,25,45,Kaden Honeycutt,"Willow Park, Texas",Willow Park,Texas,United States,2968,Niece Motorsports,22,25,169.432,0,0,Chevrolet,Silverado,Georgia Governor's Office of Highway Safety,31,0,135,Running,0,Niece Motorsports,6678,Phil Gould,20,0,7172,45,False,0,892
5464,3,2024,289298,7,2,18,Tyler Ankrum,"San Bernardino, California",San Bernardino,California,United States,3218,McAnally Hilgemann Racing,11,2,173.467,46,7,Chevrolet,Silverado,LiUNA!,48,0,135,Running,0,McAnally Hilgemann Racing,6635,Mark Hillman,1,0,7873,18,False,0,896
5464,3,2024,289313,8,12,71,Rajah Caruth,"Washington, District of Columbia",Washington,District of Columbia,United States,3224,Spire Motorsports,27,12,171.222,0,0,Chevrolet,Silverado,HendrickCars.com,32,0,135,Running,0,Spire Motorsports,5028,Chad Walter,5,0,7958,71,False,0,990
5464,3,2024,289307,9,1,43,Daniel Dye,"Deland, Florida",Deland,Florida,United States,3222,McAnally Hilgemann Racing,21,1,174.246,0,1,Chevrolet,Silverado,Champion Container,30,0,135,Running,0,McAnally Hilgemann Racing,121,Blake Bainbridge,10,0,7893,43,False,0,1174
5464,3,2024,289291,10,23,5,Dean Thompson,"Anaheim, California",Anaheim,California,United States,3193,TRICON Garage,4,23,169.811,4,1,Toyota,Tundra,Thompson Pipe Group,27,0,135,Running,0,TRICON Garage,7707,Derek Smith,15,0,7845,5,False,0,2983
5464,3,2024,289302,11,24,32,Bret Holmes,"Munford, Alabama",Munford,Alabama,United States,3093,Bret Holmes Racing,16,24,169.744,0,0,Chevrolet,Silverado,Precision Garage Door,26,0,135,Running,0,Bret Holmes Racing,5023,Mike Shiplett,6,0,7722,32,False,0,5503
5464,3,2024,289303,12,29,33,Lawless Alan,"Van Nuys, California",Van Nuys,California,United States,3017,Reaume Brothers Racing,17,29,168.901,0,0,Ford,F-150,AUTOParkIt,25,0,135,Running,0,Reaume Brothers Racing,6523,Matthew Lucas,22,0,6829,33,False,0,5735
5464,3,2024,289316,13,8,88,Matt Crafton,"Tulare, California",Tulare,California,United States,2109,ThorSport Racing,30,8,172.528,0,0,Ford,F-150,Slim Jim/Menards,24,0,135,Running,0,ThorSport Racing,6081,Jeriod Prince,7,0,4984,88,False,0,6042
5464,3,2024,289301,14,17,25,Ty Dillon,"Welcome, North Carolina",Welcome,North Carolina,United States,3092,Rackley W.A.R.,15,17,170.569,0,0,Chevrolet,Silverado,Rackley Roofing,23,0,135,Running,0,Rackley W.A.R.,4917,Shane Wilson,28,0,7720,25,False,0,6088
5464,3,2024,289315,15,9,77,Chase Purdy,"Meridian, Mississippi",Meridian,Mississippi,United States,3211,Spire Motorsports,29,9,172.072,0,0,Chevrolet,Silverado,Bama Buggies,22,0,135,Running,0,Spire Motorsports,7706,Jason Trinchere,21,0,7958,77,False,0,6117
5464,3,2024,289295,16,11,13,Jake Garcia,"Monroe, Georgia",Monroe,Georgia,United States,2410,ThorSport Racing,8,11,171.259,0,0,Ford,F-150,Quanta Services,26,0,135,Running,0,ThorSport Racing,5020,Doug Randolph,23,0,4807,13,False,0,6287
5464,3,2024,289288,17,15,1,Colby Howard,"Simpsonville, South Carolina",Simpsonville,South Carolina,United States,3090,TRICON Garage,1,15,170.616,0,0,Toyota,Tundra,Project Hope Foundation,20,0,135,Running,0,TRICON Garage,7522,Seth Smith,31,0,7969,1,False,0,6335
5464,3,2024,289311,18,27,56,Timmy Hill,"Port Tobacco, Maryland",Port Tobacco,Maryland,United States,3019,Hill Motorsports,25,27,169.282,0,0,Toyota,Tundra,Coble Enterprises/UNITS,19,0,135,Running,0,Hill Motorsports,7462,Terry Elmore,12,0,6332,56,False,0,6726
5464,3,2024,289296,19,22,15,Tanner Gray,"Mooresville, North Carolina",Mooresville,North Carolina,United States,3010,TRICON Garage,9,22,169.853,0,0,Toyota,Tundra,Dead On Tools,25,0,135,Running,0,TRICON Garage,7831,Jerame Donley,14,0,1202,15,False,0,6945
5464,3,2024,289289,20,30,02,Mason Massey,"Douglasville, Georgia",Douglasville,Georgia,United States,2781,Young's Motorsports,2,30,168.772,0,0,Chevrolet,Silverado,Anderson Power Services,17,0,135,Running,0,Young's Motorsports,4950,Trip Bruce,24,0,6554,02,False,0,8598
5464,3,2024,289300,21,32,22,Keith McGee,"Eagle River, Alaska",Eagle River,Alaska,United States,3228,Reaume Brothers Racing,14,32,168.459,0,0,Ford,F-150,More Core,16,0,134,Running,0,Reaume Brothers Racing,7464,John Reaume,29,0,7569,22,False,1,0
5464,3,2024,289314,22,33,76,Spencer Boyd,"St. Louis, Missouri",St. Louis,Missouri,United States,3225,Freedom Racing Enterprises,28,33,168.24,0,0,Chevrolet,Silverado,Latitude Aero,15,0,134,Running,0,Freedom Racing Enterprises,6954,Greg Ely,13,0,-1,76,False,1,0
5464,3,2024,289310,23,16,52,Stewart Friesen,"Niagara-on-the-Lake, Ontario",Niagara-on-the-Lake,Ontario,Canada,2920,Halmar Friesen Racing,24,16,170.611,0,0,Toyota,Tundra,Halmar International ,14,0,133,Running,0,Halmar Friesen Racing,6755,James Villeneuve,17,0,7142,52,False,2,0
5464,3,2024,289320,24,26,21,Mason Maggio,"Palm Beach Garden, Florida",Palm Beach Garden,Florida,United States,3227,Floridian Motorsports,13,26,169.308,0,0,Ford,F-150,S I Yachts,13,0,133,Running,0,Floridian Motorsports,2028,Carl Long,35,0,-1,121,False,0,0
5464,3,2024,289293,25,6,9,Grant Enfinger,"Fairhope, Alabama",Fairhope,Alabama,United States,3058,CR7 Motorsports,6,6,172.84,23,3,Chevrolet,Silverado,Champion Power Equipment,28,0,133,Running,0,CR7 Motorsports,6219,Jeff Stankiewicz,11,0,7500,9,False,2,0
5464,3,2024,289309,26,28,46,Thad Moffitt,"Trinity, North Carolina",Trinity,North Carolina,United States,3223,Faction Motorsports,23,28,169.004,0,0,Chevrolet,Silverado,Petty's Garage,11,0,132,Running,0,Faction Motorsports,1179,Doug George,36,0,-1,46,False,3,0
5464,3,2024,289306,27,21,42,Matt Mills,"New Philadelphia, Ohio",New Philadelphia,Ohio,United States,3071,Niece Motorsports,20,21,169.915,6,1,Chevrolet,Silverado,J.F. Electric/Utilitra,10,0,132,Running,0,Niece Motorsports,7379,Jon Leonard,30,0,7172,42,False,3,0
5464,3,2024,289319,28,14,99,Ben Rhodes,"Louisville, Kentucky",Louisville,Kentucky,United States,2354,ThorSport Racing,33,14,171.006,0,0,Ford,F-150,Campers Inn RV,15,0,130,Running,0,ThorSport Racing,7431,Richard Lushes,26,0,4807,99,False,5,0
5464,3,2024,289312,29,10,66,Conner Jones,"Fredricksburg, Virginia",Fredricksburg,Virginia,United States,3108,ThorSport Racing,26,10,171.567,0,0,Ford,F-150,Cincinnati,8,0,129,Running,0,ThorSport Racing,-1,0,38,0,4807,66,False,6,0
5464,3,2024,289305,30,20,41,Bayley Currey,"Driftwood, Texas",Driftwood,Texas,United States,3164,Niece Motorsports,19,20,170.155,0,0,Chevrolet,Silverado,AutoVentive/DealBadger,9,0,96,Damage,0,Niece Motorsports,6582,Mike Hillman Jr.,16,0,7172,41,False,39,0
5464,3,2024,289317,31,4,91,Jack Wood,"Loomis, California",Loomis,California,United States,3155,McAnally Hilgemann Racing,31,4,173.218,0,0,Chevrolet,Silverado,Klotz Synthetics,9,0,57,Accident,0,McAnally Hilgemann Racing,7100,Kevin Bellicourt,18,0,5247,91,False,78,0
5464,3,2024,289299,32,5,19,Christian Eckes,"Greenville, New York",Greenville,New York,United States,3060,McAnally Hilgemann Racing,12,5,172.893,20,2,Chevrolet,Silverado,NAPA AUTOCARE,15,1,50,Brakes,0,McAnally Hilgemann Racing,7363,Charles Denike,9,0,5247,19,False,85,0
5464,3,2024,289304,33,13,38,Layne Riggs,"Bahama, North Carolina",Bahama,North Carolina,United States,3062,Front Row Motorsports,18,13,171.111,0,0,Ford,F-150,Northside Hospital,4,0,133,Running,0,Front Row Motorsports,8031,Dylan Cappello,39,0,4184,38,True,2,0
